<application>
  <component name="ProjectJdkTable">
    <jdk version="2">
      <name value="12" />
      <type value="JavaSDK" />
      <version value="java version &quot;12.0.1&quot;" />
      <homePath value="I:/me/my_softwares/Java/jdk-12.0.1" />
      <roots>
        <annotationsPath>
          <root type="composite">
            <root url="jar://$APPLICATION_HOME_DIR$/plugins/java/lib/jdkAnnotations.jar!/" type="simple" />
          </root>
        </annotationsPath>
        <classPath>
          <root type="composite">
            <root url="jrt://I:/me/my_softwares/Java/jdk-12.0.1!/java.base" type="simple" />
            <root url="jrt://I:/me/my_softwares/Java/jdk-12.0.1!/java.compiler" type="simple" />
            <root url="jrt://I:/me/my_softwares/Java/jdk-12.0.1!/java.datatransfer" type="simple" />
            <root url="jrt://I:/me/my_softwares/Java/jdk-12.0.1!/java.desktop" type="simple" />
            <root url="jrt://I:/me/my_softwares/Java/jdk-12.0.1!/java.instrument" type="simple" />
            <root url="jrt://I:/me/my_softwares/Java/jdk-12.0.1!/java.logging" type="simple" />
            <root url="jrt://I:/me/my_softwares/Java/jdk-12.0.1!/java.management" type="simple" />
            <root url="jrt://I:/me/my_softwares/Java/jdk-12.0.1!/java.management.rmi" type="simple" />
            <root url="jrt://I:/me/my_softwares/Java/jdk-12.0.1!/java.naming" type="simple" />
            <root url="jrt://I:/me/my_softwares/Java/jdk-12.0.1!/java.net.http" type="simple" />
            <root url="jrt://I:/me/my_softwares/Java/jdk-12.0.1!/java.prefs" type="simple" />
            <root url="jrt://I:/me/my_softwares/Java/jdk-12.0.1!/java.rmi" type="simple" />
            <root url="jrt://I:/me/my_softwares/Java/jdk-12.0.1!/java.scripting" type="simple" />
            <root url="jrt://I:/me/my_softwares/Java/jdk-12.0.1!/java.se" type="simple" />
            <root url="jrt://I:/me/my_softwares/Java/jdk-12.0.1!/java.security.jgss" type="simple" />
            <root url="jrt://I:/me/my_softwares/Java/jdk-12.0.1!/java.security.sasl" type="simple" />
            <root url="jrt://I:/me/my_softwares/Java/jdk-12.0.1!/java.smartcardio" type="simple" />
            <root url="jrt://I:/me/my_softwares/Java/jdk-12.0.1!/java.sql" type="simple" />
            <root url="jrt://I:/me/my_softwares/Java/jdk-12.0.1!/java.sql.rowset" type="simple" />
            <root url="jrt://I:/me/my_softwares/Java/jdk-12.0.1!/java.transaction.xa" type="simple" />
            <root url="jrt://I:/me/my_softwares/Java/jdk-12.0.1!/java.xml" type="simple" />
            <root url="jrt://I:/me/my_softwares/Java/jdk-12.0.1!/java.xml.crypto" type="simple" />
            <root url="jrt://I:/me/my_softwares/Java/jdk-12.0.1!/jdk.accessibility" type="simple" />
            <root url="jrt://I:/me/my_softwares/Java/jdk-12.0.1!/jdk.aot" type="simple" />
            <root url="jrt://I:/me/my_softwares/Java/jdk-12.0.1!/jdk.attach" type="simple" />
            <root url="jrt://I:/me/my_softwares/Java/jdk-12.0.1!/jdk.charsets" type="simple" />
            <root url="jrt://I:/me/my_softwares/Java/jdk-12.0.1!/jdk.compiler" type="simple" />
            <root url="jrt://I:/me/my_softwares/Java/jdk-12.0.1!/jdk.crypto.cryptoki" type="simple" />
            <root url="jrt://I:/me/my_softwares/Java/jdk-12.0.1!/jdk.crypto.ec" type="simple" />
            <root url="jrt://I:/me/my_softwares/Java/jdk-12.0.1!/jdk.crypto.mscapi" type="simple" />
            <root url="jrt://I:/me/my_softwares/Java/jdk-12.0.1!/jdk.dynalink" type="simple" />
            <root url="jrt://I:/me/my_softwares/Java/jdk-12.0.1!/jdk.editpad" type="simple" />
            <root url="jrt://I:/me/my_softwares/Java/jdk-12.0.1!/jdk.hotspot.agent" type="simple" />
            <root url="jrt://I:/me/my_softwares/Java/jdk-12.0.1!/jdk.httpserver" type="simple" />
            <root url="jrt://I:/me/my_softwares/Java/jdk-12.0.1!/jdk.internal.ed" type="simple" />
            <root url="jrt://I:/me/my_softwares/Java/jdk-12.0.1!/jdk.internal.jvmstat" type="simple" />
            <root url="jrt://I:/me/my_softwares/Java/jdk-12.0.1!/jdk.internal.le" type="simple" />
            <root url="jrt://I:/me/my_softwares/Java/jdk-12.0.1!/jdk.internal.opt" type="simple" />
            <root url="jrt://I:/me/my_softwares/Java/jdk-12.0.1!/jdk.internal.vm.ci" type="simple" />
            <root url="jrt://I:/me/my_softwares/Java/jdk-12.0.1!/jdk.internal.vm.compiler" type="simple" />
            <root url="jrt://I:/me/my_softwares/Java/jdk-12.0.1!/jdk.internal.vm.compiler.management" type="simple" />
            <root url="jrt://I:/me/my_softwares/Java/jdk-12.0.1!/jdk.jartool" type="simple" />
            <root url="jrt://I:/me/my_softwares/Java/jdk-12.0.1!/jdk.javadoc" type="simple" />
            <root url="jrt://I:/me/my_softwares/Java/jdk-12.0.1!/jdk.jcmd" type="simple" />
            <root url="jrt://I:/me/my_softwares/Java/jdk-12.0.1!/jdk.jconsole" type="simple" />
            <root url="jrt://I:/me/my_softwares/Java/jdk-12.0.1!/jdk.jdeps" type="simple" />
            <root url="jrt://I:/me/my_softwares/Java/jdk-12.0.1!/jdk.jdi" type="simple" />
            <root url="jrt://I:/me/my_softwares/Java/jdk-12.0.1!/jdk.jdwp.agent" type="simple" />
            <root url="jrt://I:/me/my_softwares/Java/jdk-12.0.1!/jdk.jfr" type="simple" />
            <root url="jrt://I:/me/my_softwares/Java/jdk-12.0.1!/jdk.jlink" type="simple" />
            <root url="jrt://I:/me/my_softwares/Java/jdk-12.0.1!/jdk.jshell" type="simple" />
            <root url="jrt://I:/me/my_softwares/Java/jdk-12.0.1!/jdk.jsobject" type="simple" />
            <root url="jrt://I:/me/my_softwares/Java/jdk-12.0.1!/jdk.jstatd" type="simple" />
            <root url="jrt://I:/me/my_softwares/Java/jdk-12.0.1!/jdk.localedata" type="simple" />
            <root url="jrt://I:/me/my_softwares/Java/jdk-12.0.1!/jdk.management" type="simple" />
            <root url="jrt://I:/me/my_softwares/Java/jdk-12.0.1!/jdk.management.agent" type="simple" />
            <root url="jrt://I:/me/my_softwares/Java/jdk-12.0.1!/jdk.management.jfr" type="simple" />
            <root url="jrt://I:/me/my_softwares/Java/jdk-12.0.1!/jdk.naming.dns" type="simple" />
            <root url="jrt://I:/me/my_softwares/Java/jdk-12.0.1!/jdk.naming.rmi" type="simple" />
            <root url="jrt://I:/me/my_softwares/Java/jdk-12.0.1!/jdk.net" type="simple" />
            <root url="jrt://I:/me/my_softwares/Java/jdk-12.0.1!/jdk.pack" type="simple" />
            <root url="jrt://I:/me/my_softwares/Java/jdk-12.0.1!/jdk.rmic" type="simple" />
            <root url="jrt://I:/me/my_softwares/Java/jdk-12.0.1!/jdk.scripting.nashorn" type="simple" />
            <root url="jrt://I:/me/my_softwares/Java/jdk-12.0.1!/jdk.scripting.nashorn.shell" type="simple" />
            <root url="jrt://I:/me/my_softwares/Java/jdk-12.0.1!/jdk.sctp" type="simple" />
            <root url="jrt://I:/me/my_softwares/Java/jdk-12.0.1!/jdk.security.auth" type="simple" />
            <root url="jrt://I:/me/my_softwares/Java/jdk-12.0.1!/jdk.security.jgss" type="simple" />
            <root url="jrt://I:/me/my_softwares/Java/jdk-12.0.1!/jdk.unsupported" type="simple" />
            <root url="jrt://I:/me/my_softwares/Java/jdk-12.0.1!/jdk.unsupported.desktop" type="simple" />
            <root url="jrt://I:/me/my_softwares/Java/jdk-12.0.1!/jdk.xml.dom" type="simple" />
            <root url="jrt://I:/me/my_softwares/Java/jdk-12.0.1!/jdk.zipfs" type="simple" />
          </root>
        </classPath>
        <javadocPath>
          <root type="composite" />
        </javadocPath>
        <sourcePath>
          <root type="composite">
            <root url="jar://I:/me/my_softwares/Java/jdk-12.0.1/lib/src.zip!/java.se" type="simple" />
            <root url="jar://I:/me/my_softwares/Java/jdk-12.0.1/lib/src.zip!/jdk.aot" type="simple" />
            <root url="jar://I:/me/my_softwares/Java/jdk-12.0.1/lib/src.zip!/jdk.jdi" type="simple" />
            <root url="jar://I:/me/my_softwares/Java/jdk-12.0.1/lib/src.zip!/jdk.jfr" type="simple" />
            <root url="jar://I:/me/my_softwares/Java/jdk-12.0.1/lib/src.zip!/jdk.net" type="simple" />
            <root url="jar://I:/me/my_softwares/Java/jdk-12.0.1/lib/src.zip!/java.rmi" type="simple" />
            <root url="jar://I:/me/my_softwares/Java/jdk-12.0.1/lib/src.zip!/java.sql" type="simple" />
            <root url="jar://I:/me/my_softwares/Java/jdk-12.0.1/lib/src.zip!/java.xml" type="simple" />
            <root url="jar://I:/me/my_softwares/Java/jdk-12.0.1/lib/src.zip!/jdk.jcmd" type="simple" />
            <root url="jar://I:/me/my_softwares/Java/jdk-12.0.1/lib/src.zip!/jdk.pack" type="simple" />
            <root url="jar://I:/me/my_softwares/Java/jdk-12.0.1/lib/src.zip!/jdk.rmic" type="simple" />
            <root url="jar://I:/me/my_softwares/Java/jdk-12.0.1/lib/src.zip!/jdk.sctp" type="simple" />
            <root url="jar://I:/me/my_softwares/Java/jdk-12.0.1/lib/src.zip!/java.base" type="simple" />
            <root url="jar://I:/me/my_softwares/Java/jdk-12.0.1/lib/src.zip!/jdk.jdeps" type="simple" />
            <root url="jar://I:/me/my_softwares/Java/jdk-12.0.1/lib/src.zip!/jdk.jlink" type="simple" />
            <root url="jar://I:/me/my_softwares/Java/jdk-12.0.1/lib/src.zip!/jdk.zipfs" type="simple" />
            <root url="jar://I:/me/my_softwares/Java/jdk-12.0.1/lib/src.zip!/java.prefs" type="simple" />
            <root url="jar://I:/me/my_softwares/Java/jdk-12.0.1/lib/src.zip!/jdk.attach" type="simple" />
            <root url="jar://I:/me/my_softwares/Java/jdk-12.0.1/lib/src.zip!/jdk.jshell" type="simple" />
            <root url="jar://I:/me/my_softwares/Java/jdk-12.0.1/lib/src.zip!/jdk.jstatd" type="simple" />
            <root url="jar://I:/me/my_softwares/Java/jdk-12.0.1/lib/src.zip!/java.naming" type="simple" />
            <root url="jar://I:/me/my_softwares/Java/jdk-12.0.1/lib/src.zip!/jdk.editpad" type="simple" />
            <root url="jar://I:/me/my_softwares/Java/jdk-12.0.1/lib/src.zip!/jdk.jartool" type="simple" />
            <root url="jar://I:/me/my_softwares/Java/jdk-12.0.1/lib/src.zip!/jdk.javadoc" type="simple" />
            <root url="jar://I:/me/my_softwares/Java/jdk-12.0.1/lib/src.zip!/jdk.xml.dom" type="simple" />
            <root url="jar://I:/me/my_softwares/Java/jdk-12.0.1/lib/src.zip!/java.desktop" type="simple" />
            <root url="jar://I:/me/my_softwares/Java/jdk-12.0.1/lib/src.zip!/java.logging" type="simple" />
            <root url="jar://I:/me/my_softwares/Java/jdk-12.0.1/lib/src.zip!/jdk.charsets" type="simple" />
            <root url="jar://I:/me/my_softwares/Java/jdk-12.0.1/lib/src.zip!/jdk.compiler" type="simple" />
            <root url="jar://I:/me/my_softwares/Java/jdk-12.0.1/lib/src.zip!/jdk.dynalink" type="simple" />
            <root url="jar://I:/me/my_softwares/Java/jdk-12.0.1/lib/src.zip!/jdk.jconsole" type="simple" />
            <root url="jar://I:/me/my_softwares/Java/jdk-12.0.1/lib/src.zip!/jdk.jsobject" type="simple" />
            <root url="jar://I:/me/my_softwares/Java/jdk-12.0.1/lib/src.zip!/java.compiler" type="simple" />
            <root url="jar://I:/me/my_softwares/Java/jdk-12.0.1/lib/src.zip!/java.net.http" type="simple" />
            <root url="jar://I:/me/my_softwares/Java/jdk-12.0.1/lib/src.zip!/jdk.crypto.ec" type="simple" />
            <root url="jar://I:/me/my_softwares/Java/jdk-12.0.1/lib/src.zip!/java.scripting" type="simple" />
            <root url="jar://I:/me/my_softwares/Java/jdk-12.0.1/lib/src.zip!/jdk.httpserver" type="simple" />
            <root url="jar://I:/me/my_softwares/Java/jdk-12.0.1/lib/src.zip!/jdk.jdwp.agent" type="simple" />
            <root url="jar://I:/me/my_softwares/Java/jdk-12.0.1/lib/src.zip!/jdk.localedata" type="simple" />
            <root url="jar://I:/me/my_softwares/Java/jdk-12.0.1/lib/src.zip!/jdk.management" type="simple" />
            <root url="jar://I:/me/my_softwares/Java/jdk-12.0.1/lib/src.zip!/jdk.naming.dns" type="simple" />
            <root url="jar://I:/me/my_softwares/Java/jdk-12.0.1/lib/src.zip!/jdk.naming.rmi" type="simple" />
            <root url="jar://I:/me/my_softwares/Java/jdk-12.0.1/lib/src.zip!/java.instrument" type="simple" />
            <root url="jar://I:/me/my_softwares/Java/jdk-12.0.1/lib/src.zip!/java.management" type="simple" />
            <root url="jar://I:/me/my_softwares/Java/jdk-12.0.1/lib/src.zip!/java.sql.rowset" type="simple" />
            <root url="jar://I:/me/my_softwares/Java/jdk-12.0.1/lib/src.zip!/java.xml.crypto" type="simple" />
            <root url="jar://I:/me/my_softwares/Java/jdk-12.0.1/lib/src.zip!/jdk.internal.ed" type="simple" />
            <root url="jar://I:/me/my_softwares/Java/jdk-12.0.1/lib/src.zip!/jdk.internal.le" type="simple" />
            <root url="jar://I:/me/my_softwares/Java/jdk-12.0.1/lib/src.zip!/jdk.unsupported" type="simple" />
            <root url="jar://I:/me/my_softwares/Java/jdk-12.0.1/lib/src.zip!/java.smartcardio" type="simple" />
            <root url="jar://I:/me/my_softwares/Java/jdk-12.0.1/lib/src.zip!/jdk.internal.opt" type="simple" />
            <root url="jar://I:/me/my_softwares/Java/jdk-12.0.1/lib/src.zip!/java.datatransfer" type="simple" />
            <root url="jar://I:/me/my_softwares/Java/jdk-12.0.1/lib/src.zip!/jdk.accessibility" type="simple" />
            <root url="jar://I:/me/my_softwares/Java/jdk-12.0.1/lib/src.zip!/jdk.crypto.mscapi" type="simple" />
            <root url="jar://I:/me/my_softwares/Java/jdk-12.0.1/lib/src.zip!/jdk.hotspot.agent" type="simple" />
            <root url="jar://I:/me/my_softwares/Java/jdk-12.0.1/lib/src.zip!/jdk.security.auth" type="simple" />
            <root url="jar://I:/me/my_softwares/Java/jdk-12.0.1/lib/src.zip!/jdk.security.jgss" type="simple" />
            <root url="jar://I:/me/my_softwares/Java/jdk-12.0.1/lib/src.zip!/java.security.jgss" type="simple" />
            <root url="jar://I:/me/my_softwares/Java/jdk-12.0.1/lib/src.zip!/java.security.sasl" type="simple" />
            <root url="jar://I:/me/my_softwares/Java/jdk-12.0.1/lib/src.zip!/jdk.internal.vm.ci" type="simple" />
            <root url="jar://I:/me/my_softwares/Java/jdk-12.0.1/lib/src.zip!/jdk.management.jfr" type="simple" />
            <root url="jar://I:/me/my_softwares/Java/jdk-12.0.1/lib/src.zip!/java.management.rmi" type="simple" />
            <root url="jar://I:/me/my_softwares/Java/jdk-12.0.1/lib/src.zip!/java.transaction.xa" type="simple" />
            <root url="jar://I:/me/my_softwares/Java/jdk-12.0.1/lib/src.zip!/jdk.crypto.cryptoki" type="simple" />
            <root url="jar://I:/me/my_softwares/Java/jdk-12.0.1/lib/src.zip!/jdk.internal.jvmstat" type="simple" />
            <root url="jar://I:/me/my_softwares/Java/jdk-12.0.1/lib/src.zip!/jdk.management.agent" type="simple" />
            <root url="jar://I:/me/my_softwares/Java/jdk-12.0.1/lib/src.zip!/jdk.scripting.nashorn" type="simple" />
            <root url="jar://I:/me/my_softwares/Java/jdk-12.0.1/lib/src.zip!/jdk.unsupported.desktop" type="simple" />
            <root url="jar://I:/me/my_softwares/Java/jdk-12.0.1/lib/src.zip!/jdk.internal.vm.compiler" type="simple" />
            <root url="jar://I:/me/my_softwares/Java/jdk-12.0.1/lib/src.zip!/jdk.scripting.nashorn.shell" type="simple" />
            <root url="jar://I:/me/my_softwares/Java/jdk-12.0.1/lib/src.zip!/jdk.internal.vm.compiler.management" type="simple" />
          </root>
        </sourcePath>
      </roots>
      <additional />
    </jdk>
    <jdk version="2">
      <name value="1.8" />
      <type value="JavaSDK" />
      <version value="java version &quot;1.8.0_65&quot;" />
      <homePath value="I:/me/my_softwares/jdk8/jdk" />
      <roots>
        <annotationsPath>
          <root type="composite">
            <root url="jar://$APPLICATION_HOME_DIR$/plugins/java/lib/jdkAnnotations.jar!/" type="simple" />
          </root>
        </annotationsPath>
        <classPath>
          <root type="composite">
            <root url="jar://I:/me/my_softwares/jdk8/jdk/jre/lib/charsets.jar!/" type="simple" />
            <root url="jar://I:/me/my_softwares/jdk8/jdk/jre/lib/deploy.jar!/" type="simple" />
            <root url="jar://I:/me/my_softwares/jdk8/jdk/jre/lib/ext/access-bridge.jar!/" type="simple" />
            <root url="jar://I:/me/my_softwares/jdk8/jdk/jre/lib/ext/cldrdata.jar!/" type="simple" />
            <root url="jar://I:/me/my_softwares/jdk8/jdk/jre/lib/ext/dnsns.jar!/" type="simple" />
            <root url="jar://I:/me/my_softwares/jdk8/jdk/jre/lib/ext/jaccess.jar!/" type="simple" />
            <root url="jar://I:/me/my_softwares/jdk8/jdk/jre/lib/ext/jfxrt.jar!/" type="simple" />
            <root url="jar://I:/me/my_softwares/jdk8/jdk/jre/lib/ext/localedata.jar!/" type="simple" />
            <root url="jar://I:/me/my_softwares/jdk8/jdk/jre/lib/ext/nashorn.jar!/" type="simple" />
            <root url="jar://I:/me/my_softwares/jdk8/jdk/jre/lib/ext/sunec.jar!/" type="simple" />
            <root url="jar://I:/me/my_softwares/jdk8/jdk/jre/lib/ext/sunjce_provider.jar!/" type="simple" />
            <root url="jar://I:/me/my_softwares/jdk8/jdk/jre/lib/ext/sunmscapi.jar!/" type="simple" />
            <root url="jar://I:/me/my_softwares/jdk8/jdk/jre/lib/ext/sunpkcs11.jar!/" type="simple" />
            <root url="jar://I:/me/my_softwares/jdk8/jdk/jre/lib/ext/zipfs.jar!/" type="simple" />
            <root url="jar://I:/me/my_softwares/jdk8/jdk/jre/lib/javaws.jar!/" type="simple" />
            <root url="jar://I:/me/my_softwares/jdk8/jdk/jre/lib/jce.jar!/" type="simple" />
            <root url="jar://I:/me/my_softwares/jdk8/jdk/jre/lib/jfr.jar!/" type="simple" />
            <root url="jar://I:/me/my_softwares/jdk8/jdk/jre/lib/jfxswt.jar!/" type="simple" />
            <root url="jar://I:/me/my_softwares/jdk8/jdk/jre/lib/jsse.jar!/" type="simple" />
            <root url="jar://I:/me/my_softwares/jdk8/jdk/jre/lib/management-agent.jar!/" type="simple" />
            <root url="jar://I:/me/my_softwares/jdk8/jdk/jre/lib/plugin.jar!/" type="simple" />
            <root url="jar://I:/me/my_softwares/jdk8/jdk/jre/lib/resources.jar!/" type="simple" />
            <root url="jar://I:/me/my_softwares/jdk8/jdk/jre/lib/rt.jar!/" type="simple" />
          </root>
        </classPath>
        <javadocPath>
          <root type="composite" />
        </javadocPath>
        <sourcePath>
          <root type="composite">
            <root url="jar://I:/me/my_softwares/jdk8/jdk/src.zip!/" type="simple" />
            <root url="jar://I:/me/my_softwares/jdk8/jdk/javafx-src.zip!/" type="simple" />
          </root>
        </sourcePath>
      </roots>
      <additional />
    </jdk>
    <jdk version="2">
      <name value="14" />
      <type value="JavaSDK" />
      <version value="java version &quot;14.0.2&quot;" />
      <homePath value="I:/me/my_softwares/jdk-14.0.2_windows-x64_bin/jdk-14.0.2" />
      <roots>
        <annotationsPath>
          <root type="composite">
            <root url="jar://$APPLICATION_HOME_DIR$/plugins/java/lib/jdkAnnotations.jar!/" type="simple" />
          </root>
        </annotationsPath>
        <classPath>
          <root type="composite">
            <root url="jrt://I:/me/my_softwares/jdk-14.0.2_windows-x64_bin/jdk-14.0.2!/java.base" type="simple" />
            <root url="jrt://I:/me/my_softwares/jdk-14.0.2_windows-x64_bin/jdk-14.0.2!/java.compiler" type="simple" />
            <root url="jrt://I:/me/my_softwares/jdk-14.0.2_windows-x64_bin/jdk-14.0.2!/java.datatransfer" type="simple" />
            <root url="jrt://I:/me/my_softwares/jdk-14.0.2_windows-x64_bin/jdk-14.0.2!/java.desktop" type="simple" />
            <root url="jrt://I:/me/my_softwares/jdk-14.0.2_windows-x64_bin/jdk-14.0.2!/java.instrument" type="simple" />
            <root url="jrt://I:/me/my_softwares/jdk-14.0.2_windows-x64_bin/jdk-14.0.2!/java.logging" type="simple" />
            <root url="jrt://I:/me/my_softwares/jdk-14.0.2_windows-x64_bin/jdk-14.0.2!/java.management" type="simple" />
            <root url="jrt://I:/me/my_softwares/jdk-14.0.2_windows-x64_bin/jdk-14.0.2!/java.management.rmi" type="simple" />
            <root url="jrt://I:/me/my_softwares/jdk-14.0.2_windows-x64_bin/jdk-14.0.2!/java.naming" type="simple" />
            <root url="jrt://I:/me/my_softwares/jdk-14.0.2_windows-x64_bin/jdk-14.0.2!/java.net.http" type="simple" />
            <root url="jrt://I:/me/my_softwares/jdk-14.0.2_windows-x64_bin/jdk-14.0.2!/java.prefs" type="simple" />
            <root url="jrt://I:/me/my_softwares/jdk-14.0.2_windows-x64_bin/jdk-14.0.2!/java.rmi" type="simple" />
            <root url="jrt://I:/me/my_softwares/jdk-14.0.2_windows-x64_bin/jdk-14.0.2!/java.scripting" type="simple" />
            <root url="jrt://I:/me/my_softwares/jdk-14.0.2_windows-x64_bin/jdk-14.0.2!/java.se" type="simple" />
            <root url="jrt://I:/me/my_softwares/jdk-14.0.2_windows-x64_bin/jdk-14.0.2!/java.security.jgss" type="simple" />
            <root url="jrt://I:/me/my_softwares/jdk-14.0.2_windows-x64_bin/jdk-14.0.2!/java.security.sasl" type="simple" />
            <root url="jrt://I:/me/my_softwares/jdk-14.0.2_windows-x64_bin/jdk-14.0.2!/java.smartcardio" type="simple" />
            <root url="jrt://I:/me/my_softwares/jdk-14.0.2_windows-x64_bin/jdk-14.0.2!/java.sql" type="simple" />
            <root url="jrt://I:/me/my_softwares/jdk-14.0.2_windows-x64_bin/jdk-14.0.2!/java.sql.rowset" type="simple" />
            <root url="jrt://I:/me/my_softwares/jdk-14.0.2_windows-x64_bin/jdk-14.0.2!/java.transaction.xa" type="simple" />
            <root url="jrt://I:/me/my_softwares/jdk-14.0.2_windows-x64_bin/jdk-14.0.2!/java.xml" type="simple" />
            <root url="jrt://I:/me/my_softwares/jdk-14.0.2_windows-x64_bin/jdk-14.0.2!/java.xml.crypto" type="simple" />
            <root url="jrt://I:/me/my_softwares/jdk-14.0.2_windows-x64_bin/jdk-14.0.2!/jdk.accessibility" type="simple" />
            <root url="jrt://I:/me/my_softwares/jdk-14.0.2_windows-x64_bin/jdk-14.0.2!/jdk.aot" type="simple" />
            <root url="jrt://I:/me/my_softwares/jdk-14.0.2_windows-x64_bin/jdk-14.0.2!/jdk.attach" type="simple" />
            <root url="jrt://I:/me/my_softwares/jdk-14.0.2_windows-x64_bin/jdk-14.0.2!/jdk.charsets" type="simple" />
            <root url="jrt://I:/me/my_softwares/jdk-14.0.2_windows-x64_bin/jdk-14.0.2!/jdk.compiler" type="simple" />
            <root url="jrt://I:/me/my_softwares/jdk-14.0.2_windows-x64_bin/jdk-14.0.2!/jdk.crypto.cryptoki" type="simple" />
            <root url="jrt://I:/me/my_softwares/jdk-14.0.2_windows-x64_bin/jdk-14.0.2!/jdk.crypto.ec" type="simple" />
            <root url="jrt://I:/me/my_softwares/jdk-14.0.2_windows-x64_bin/jdk-14.0.2!/jdk.crypto.mscapi" type="simple" />
            <root url="jrt://I:/me/my_softwares/jdk-14.0.2_windows-x64_bin/jdk-14.0.2!/jdk.dynalink" type="simple" />
            <root url="jrt://I:/me/my_softwares/jdk-14.0.2_windows-x64_bin/jdk-14.0.2!/jdk.editpad" type="simple" />
            <root url="jrt://I:/me/my_softwares/jdk-14.0.2_windows-x64_bin/jdk-14.0.2!/jdk.hotspot.agent" type="simple" />
            <root url="jrt://I:/me/my_softwares/jdk-14.0.2_windows-x64_bin/jdk-14.0.2!/jdk.httpserver" type="simple" />
            <root url="jrt://I:/me/my_softwares/jdk-14.0.2_windows-x64_bin/jdk-14.0.2!/jdk.incubator.foreign" type="simple" />
            <root url="jrt://I:/me/my_softwares/jdk-14.0.2_windows-x64_bin/jdk-14.0.2!/jdk.incubator.jpackage" type="simple" />
            <root url="jrt://I:/me/my_softwares/jdk-14.0.2_windows-x64_bin/jdk-14.0.2!/jdk.internal.ed" type="simple" />
            <root url="jrt://I:/me/my_softwares/jdk-14.0.2_windows-x64_bin/jdk-14.0.2!/jdk.internal.jvmstat" type="simple" />
            <root url="jrt://I:/me/my_softwares/jdk-14.0.2_windows-x64_bin/jdk-14.0.2!/jdk.internal.le" type="simple" />
            <root url="jrt://I:/me/my_softwares/jdk-14.0.2_windows-x64_bin/jdk-14.0.2!/jdk.internal.opt" type="simple" />
            <root url="jrt://I:/me/my_softwares/jdk-14.0.2_windows-x64_bin/jdk-14.0.2!/jdk.internal.vm.ci" type="simple" />
            <root url="jrt://I:/me/my_softwares/jdk-14.0.2_windows-x64_bin/jdk-14.0.2!/jdk.internal.vm.compiler" type="simple" />
            <root url="jrt://I:/me/my_softwares/jdk-14.0.2_windows-x64_bin/jdk-14.0.2!/jdk.internal.vm.compiler.management" type="simple" />
            <root url="jrt://I:/me/my_softwares/jdk-14.0.2_windows-x64_bin/jdk-14.0.2!/jdk.jartool" type="simple" />
            <root url="jrt://I:/me/my_softwares/jdk-14.0.2_windows-x64_bin/jdk-14.0.2!/jdk.javadoc" type="simple" />
            <root url="jrt://I:/me/my_softwares/jdk-14.0.2_windows-x64_bin/jdk-14.0.2!/jdk.jcmd" type="simple" />
            <root url="jrt://I:/me/my_softwares/jdk-14.0.2_windows-x64_bin/jdk-14.0.2!/jdk.jconsole" type="simple" />
            <root url="jrt://I:/me/my_softwares/jdk-14.0.2_windows-x64_bin/jdk-14.0.2!/jdk.jdeps" type="simple" />
            <root url="jrt://I:/me/my_softwares/jdk-14.0.2_windows-x64_bin/jdk-14.0.2!/jdk.jdi" type="simple" />
            <root url="jrt://I:/me/my_softwares/jdk-14.0.2_windows-x64_bin/jdk-14.0.2!/jdk.jdwp.agent" type="simple" />
            <root url="jrt://I:/me/my_softwares/jdk-14.0.2_windows-x64_bin/jdk-14.0.2!/jdk.jfr" type="simple" />
            <root url="jrt://I:/me/my_softwares/jdk-14.0.2_windows-x64_bin/jdk-14.0.2!/jdk.jlink" type="simple" />
            <root url="jrt://I:/me/my_softwares/jdk-14.0.2_windows-x64_bin/jdk-14.0.2!/jdk.jshell" type="simple" />
            <root url="jrt://I:/me/my_softwares/jdk-14.0.2_windows-x64_bin/jdk-14.0.2!/jdk.jsobject" type="simple" />
            <root url="jrt://I:/me/my_softwares/jdk-14.0.2_windows-x64_bin/jdk-14.0.2!/jdk.jstatd" type="simple" />
            <root url="jrt://I:/me/my_softwares/jdk-14.0.2_windows-x64_bin/jdk-14.0.2!/jdk.localedata" type="simple" />
            <root url="jrt://I:/me/my_softwares/jdk-14.0.2_windows-x64_bin/jdk-14.0.2!/jdk.management" type="simple" />
            <root url="jrt://I:/me/my_softwares/jdk-14.0.2_windows-x64_bin/jdk-14.0.2!/jdk.management.agent" type="simple" />
            <root url="jrt://I:/me/my_softwares/jdk-14.0.2_windows-x64_bin/jdk-14.0.2!/jdk.management.jfr" type="simple" />
            <root url="jrt://I:/me/my_softwares/jdk-14.0.2_windows-x64_bin/jdk-14.0.2!/jdk.naming.dns" type="simple" />
            <root url="jrt://I:/me/my_softwares/jdk-14.0.2_windows-x64_bin/jdk-14.0.2!/jdk.naming.rmi" type="simple" />
            <root url="jrt://I:/me/my_softwares/jdk-14.0.2_windows-x64_bin/jdk-14.0.2!/jdk.net" type="simple" />
            <root url="jrt://I:/me/my_softwares/jdk-14.0.2_windows-x64_bin/jdk-14.0.2!/jdk.nio.mapmode" type="simple" />
            <root url="jrt://I:/me/my_softwares/jdk-14.0.2_windows-x64_bin/jdk-14.0.2!/jdk.rmic" type="simple" />
            <root url="jrt://I:/me/my_softwares/jdk-14.0.2_windows-x64_bin/jdk-14.0.2!/jdk.scripting.nashorn" type="simple" />
            <root url="jrt://I:/me/my_softwares/jdk-14.0.2_windows-x64_bin/jdk-14.0.2!/jdk.scripting.nashorn.shell" type="simple" />
            <root url="jrt://I:/me/my_softwares/jdk-14.0.2_windows-x64_bin/jdk-14.0.2!/jdk.sctp" type="simple" />
            <root url="jrt://I:/me/my_softwares/jdk-14.0.2_windows-x64_bin/jdk-14.0.2!/jdk.security.auth" type="simple" />
            <root url="jrt://I:/me/my_softwares/jdk-14.0.2_windows-x64_bin/jdk-14.0.2!/jdk.security.jgss" type="simple" />
            <root url="jrt://I:/me/my_softwares/jdk-14.0.2_windows-x64_bin/jdk-14.0.2!/jdk.unsupported" type="simple" />
            <root url="jrt://I:/me/my_softwares/jdk-14.0.2_windows-x64_bin/jdk-14.0.2!/jdk.unsupported.desktop" type="simple" />
            <root url="jrt://I:/me/my_softwares/jdk-14.0.2_windows-x64_bin/jdk-14.0.2!/jdk.xml.dom" type="simple" />
            <root url="jrt://I:/me/my_softwares/jdk-14.0.2_windows-x64_bin/jdk-14.0.2!/jdk.zipfs" type="simple" />
          </root>
        </classPath>
        <javadocPath>
          <root type="composite" />
        </javadocPath>
        <sourcePath>
          <root type="composite">
            <root url="jar://I:/me/my_softwares/jdk-14.0.2_windows-x64_bin/jdk-14.0.2/lib/src.zip!/java.se" type="simple" />
            <root url="jar://I:/me/my_softwares/jdk-14.0.2_windows-x64_bin/jdk-14.0.2/lib/src.zip!/jdk.aot" type="simple" />
            <root url="jar://I:/me/my_softwares/jdk-14.0.2_windows-x64_bin/jdk-14.0.2/lib/src.zip!/jdk.jdi" type="simple" />
            <root url="jar://I:/me/my_softwares/jdk-14.0.2_windows-x64_bin/jdk-14.0.2/lib/src.zip!/jdk.jfr" type="simple" />
            <root url="jar://I:/me/my_softwares/jdk-14.0.2_windows-x64_bin/jdk-14.0.2/lib/src.zip!/jdk.net" type="simple" />
            <root url="jar://I:/me/my_softwares/jdk-14.0.2_windows-x64_bin/jdk-14.0.2/lib/src.zip!/java.rmi" type="simple" />
            <root url="jar://I:/me/my_softwares/jdk-14.0.2_windows-x64_bin/jdk-14.0.2/lib/src.zip!/java.sql" type="simple" />
            <root url="jar://I:/me/my_softwares/jdk-14.0.2_windows-x64_bin/jdk-14.0.2/lib/src.zip!/java.xml" type="simple" />
            <root url="jar://I:/me/my_softwares/jdk-14.0.2_windows-x64_bin/jdk-14.0.2/lib/src.zip!/jdk.jcmd" type="simple" />
            <root url="jar://I:/me/my_softwares/jdk-14.0.2_windows-x64_bin/jdk-14.0.2/lib/src.zip!/jdk.rmic" type="simple" />
            <root url="jar://I:/me/my_softwares/jdk-14.0.2_windows-x64_bin/jdk-14.0.2/lib/src.zip!/jdk.sctp" type="simple" />
            <root url="jar://I:/me/my_softwares/jdk-14.0.2_windows-x64_bin/jdk-14.0.2/lib/src.zip!/java.base" type="simple" />
            <root url="jar://I:/me/my_softwares/jdk-14.0.2_windows-x64_bin/jdk-14.0.2/lib/src.zip!/jdk.jdeps" type="simple" />
            <root url="jar://I:/me/my_softwares/jdk-14.0.2_windows-x64_bin/jdk-14.0.2/lib/src.zip!/jdk.jlink" type="simple" />
            <root url="jar://I:/me/my_softwares/jdk-14.0.2_windows-x64_bin/jdk-14.0.2/lib/src.zip!/jdk.zipfs" type="simple" />
            <root url="jar://I:/me/my_softwares/jdk-14.0.2_windows-x64_bin/jdk-14.0.2/lib/src.zip!/java.prefs" type="simple" />
            <root url="jar://I:/me/my_softwares/jdk-14.0.2_windows-x64_bin/jdk-14.0.2/lib/src.zip!/jdk.attach" type="simple" />
            <root url="jar://I:/me/my_softwares/jdk-14.0.2_windows-x64_bin/jdk-14.0.2/lib/src.zip!/jdk.jshell" type="simple" />
            <root url="jar://I:/me/my_softwares/jdk-14.0.2_windows-x64_bin/jdk-14.0.2/lib/src.zip!/jdk.jstatd" type="simple" />
            <root url="jar://I:/me/my_softwares/jdk-14.0.2_windows-x64_bin/jdk-14.0.2/lib/src.zip!/java.naming" type="simple" />
            <root url="jar://I:/me/my_softwares/jdk-14.0.2_windows-x64_bin/jdk-14.0.2/lib/src.zip!/jdk.editpad" type="simple" />
            <root url="jar://I:/me/my_softwares/jdk-14.0.2_windows-x64_bin/jdk-14.0.2/lib/src.zip!/jdk.jartool" type="simple" />
            <root url="jar://I:/me/my_softwares/jdk-14.0.2_windows-x64_bin/jdk-14.0.2/lib/src.zip!/jdk.javadoc" type="simple" />
            <root url="jar://I:/me/my_softwares/jdk-14.0.2_windows-x64_bin/jdk-14.0.2/lib/src.zip!/jdk.xml.dom" type="simple" />
            <root url="jar://I:/me/my_softwares/jdk-14.0.2_windows-x64_bin/jdk-14.0.2/lib/src.zip!/java.desktop" type="simple" />
            <root url="jar://I:/me/my_softwares/jdk-14.0.2_windows-x64_bin/jdk-14.0.2/lib/src.zip!/java.logging" type="simple" />
            <root url="jar://I:/me/my_softwares/jdk-14.0.2_windows-x64_bin/jdk-14.0.2/lib/src.zip!/jdk.charsets" type="simple" />
            <root url="jar://I:/me/my_softwares/jdk-14.0.2_windows-x64_bin/jdk-14.0.2/lib/src.zip!/jdk.compiler" type="simple" />
            <root url="jar://I:/me/my_softwares/jdk-14.0.2_windows-x64_bin/jdk-14.0.2/lib/src.zip!/jdk.dynalink" type="simple" />
            <root url="jar://I:/me/my_softwares/jdk-14.0.2_windows-x64_bin/jdk-14.0.2/lib/src.zip!/jdk.jconsole" type="simple" />
            <root url="jar://I:/me/my_softwares/jdk-14.0.2_windows-x64_bin/jdk-14.0.2/lib/src.zip!/jdk.jsobject" type="simple" />
            <root url="jar://I:/me/my_softwares/jdk-14.0.2_windows-x64_bin/jdk-14.0.2/lib/src.zip!/java.compiler" type="simple" />
            <root url="jar://I:/me/my_softwares/jdk-14.0.2_windows-x64_bin/jdk-14.0.2/lib/src.zip!/java.net.http" type="simple" />
            <root url="jar://I:/me/my_softwares/jdk-14.0.2_windows-x64_bin/jdk-14.0.2/lib/src.zip!/jdk.crypto.ec" type="simple" />
            <root url="jar://I:/me/my_softwares/jdk-14.0.2_windows-x64_bin/jdk-14.0.2/lib/src.zip!/java.scripting" type="simple" />
            <root url="jar://I:/me/my_softwares/jdk-14.0.2_windows-x64_bin/jdk-14.0.2/lib/src.zip!/jdk.httpserver" type="simple" />
            <root url="jar://I:/me/my_softwares/jdk-14.0.2_windows-x64_bin/jdk-14.0.2/lib/src.zip!/jdk.jdwp.agent" type="simple" />
            <root url="jar://I:/me/my_softwares/jdk-14.0.2_windows-x64_bin/jdk-14.0.2/lib/src.zip!/jdk.localedata" type="simple" />
            <root url="jar://I:/me/my_softwares/jdk-14.0.2_windows-x64_bin/jdk-14.0.2/lib/src.zip!/jdk.management" type="simple" />
            <root url="jar://I:/me/my_softwares/jdk-14.0.2_windows-x64_bin/jdk-14.0.2/lib/src.zip!/jdk.naming.dns" type="simple" />
            <root url="jar://I:/me/my_softwares/jdk-14.0.2_windows-x64_bin/jdk-14.0.2/lib/src.zip!/jdk.naming.rmi" type="simple" />
            <root url="jar://I:/me/my_softwares/jdk-14.0.2_windows-x64_bin/jdk-14.0.2/lib/src.zip!/java.instrument" type="simple" />
            <root url="jar://I:/me/my_softwares/jdk-14.0.2_windows-x64_bin/jdk-14.0.2/lib/src.zip!/java.management" type="simple" />
            <root url="jar://I:/me/my_softwares/jdk-14.0.2_windows-x64_bin/jdk-14.0.2/lib/src.zip!/java.sql.rowset" type="simple" />
            <root url="jar://I:/me/my_softwares/jdk-14.0.2_windows-x64_bin/jdk-14.0.2/lib/src.zip!/java.xml.crypto" type="simple" />
            <root url="jar://I:/me/my_softwares/jdk-14.0.2_windows-x64_bin/jdk-14.0.2/lib/src.zip!/jdk.internal.ed" type="simple" />
            <root url="jar://I:/me/my_softwares/jdk-14.0.2_windows-x64_bin/jdk-14.0.2/lib/src.zip!/jdk.internal.le" type="simple" />
            <root url="jar://I:/me/my_softwares/jdk-14.0.2_windows-x64_bin/jdk-14.0.2/lib/src.zip!/jdk.nio.mapmode" type="simple" />
            <root url="jar://I:/me/my_softwares/jdk-14.0.2_windows-x64_bin/jdk-14.0.2/lib/src.zip!/jdk.unsupported" type="simple" />
            <root url="jar://I:/me/my_softwares/jdk-14.0.2_windows-x64_bin/jdk-14.0.2/lib/src.zip!/java.smartcardio" type="simple" />
            <root url="jar://I:/me/my_softwares/jdk-14.0.2_windows-x64_bin/jdk-14.0.2/lib/src.zip!/jdk.internal.opt" type="simple" />
            <root url="jar://I:/me/my_softwares/jdk-14.0.2_windows-x64_bin/jdk-14.0.2/lib/src.zip!/java.datatransfer" type="simple" />
            <root url="jar://I:/me/my_softwares/jdk-14.0.2_windows-x64_bin/jdk-14.0.2/lib/src.zip!/jdk.accessibility" type="simple" />
            <root url="jar://I:/me/my_softwares/jdk-14.0.2_windows-x64_bin/jdk-14.0.2/lib/src.zip!/jdk.crypto.mscapi" type="simple" />
            <root url="jar://I:/me/my_softwares/jdk-14.0.2_windows-x64_bin/jdk-14.0.2/lib/src.zip!/jdk.hotspot.agent" type="simple" />
            <root url="jar://I:/me/my_softwares/jdk-14.0.2_windows-x64_bin/jdk-14.0.2/lib/src.zip!/jdk.security.auth" type="simple" />
            <root url="jar://I:/me/my_softwares/jdk-14.0.2_windows-x64_bin/jdk-14.0.2/lib/src.zip!/jdk.security.jgss" type="simple" />
            <root url="jar://I:/me/my_softwares/jdk-14.0.2_windows-x64_bin/jdk-14.0.2/lib/src.zip!/java.security.jgss" type="simple" />
            <root url="jar://I:/me/my_softwares/jdk-14.0.2_windows-x64_bin/jdk-14.0.2/lib/src.zip!/java.security.sasl" type="simple" />
            <root url="jar://I:/me/my_softwares/jdk-14.0.2_windows-x64_bin/jdk-14.0.2/lib/src.zip!/jdk.internal.vm.ci" type="simple" />
            <root url="jar://I:/me/my_softwares/jdk-14.0.2_windows-x64_bin/jdk-14.0.2/lib/src.zip!/jdk.management.jfr" type="simple" />
            <root url="jar://I:/me/my_softwares/jdk-14.0.2_windows-x64_bin/jdk-14.0.2/lib/src.zip!/java.management.rmi" type="simple" />
            <root url="jar://I:/me/my_softwares/jdk-14.0.2_windows-x64_bin/jdk-14.0.2/lib/src.zip!/java.transaction.xa" type="simple" />
            <root url="jar://I:/me/my_softwares/jdk-14.0.2_windows-x64_bin/jdk-14.0.2/lib/src.zip!/jdk.crypto.cryptoki" type="simple" />
            <root url="jar://I:/me/my_softwares/jdk-14.0.2_windows-x64_bin/jdk-14.0.2/lib/src.zip!/jdk.internal.jvmstat" type="simple" />
            <root url="jar://I:/me/my_softwares/jdk-14.0.2_windows-x64_bin/jdk-14.0.2/lib/src.zip!/jdk.management.agent" type="simple" />
            <root url="jar://I:/me/my_softwares/jdk-14.0.2_windows-x64_bin/jdk-14.0.2/lib/src.zip!/jdk.incubator.foreign" type="simple" />
            <root url="jar://I:/me/my_softwares/jdk-14.0.2_windows-x64_bin/jdk-14.0.2/lib/src.zip!/jdk.scripting.nashorn" type="simple" />
            <root url="jar://I:/me/my_softwares/jdk-14.0.2_windows-x64_bin/jdk-14.0.2/lib/src.zip!/jdk.incubator.jpackage" type="simple" />
            <root url="jar://I:/me/my_softwares/jdk-14.0.2_windows-x64_bin/jdk-14.0.2/lib/src.zip!/jdk.unsupported.desktop" type="simple" />
            <root url="jar://I:/me/my_softwares/jdk-14.0.2_windows-x64_bin/jdk-14.0.2/lib/src.zip!/jdk.internal.vm.compiler" type="simple" />
            <root url="jar://I:/me/my_softwares/jdk-14.0.2_windows-x64_bin/jdk-14.0.2/lib/src.zip!/jdk.scripting.nashorn.shell" type="simple" />
            <root url="jar://I:/me/my_softwares/jdk-14.0.2_windows-x64_bin/jdk-14.0.2/lib/src.zip!/jdk.internal.vm.compiler.management" type="simple" />
          </root>
        </sourcePath>
      </roots>
      <additional />
    </jdk>
    <jdk version="2">
      <name value="11" />
      <type value="JavaSDK" />
      <version value="java version &quot;11.0.8&quot;" />
      <homePath value="I:/me/my_softwares/jdk-11.0.8_windows-x64_bin/jdk-11.0.8" />
      <roots>
        <annotationsPath>
          <root type="composite">
            <root url="jar://$APPLICATION_HOME_DIR$/plugins/java/lib/jdkAnnotations.jar!/" type="simple" />
          </root>
        </annotationsPath>
        <classPath>
          <root type="composite">
            <root url="jrt://I:/me/my_softwares/jdk-11.0.8_windows-x64_bin/jdk-11.0.8!/java.base" type="simple" />
            <root url="jrt://I:/me/my_softwares/jdk-11.0.8_windows-x64_bin/jdk-11.0.8!/java.compiler" type="simple" />
            <root url="jrt://I:/me/my_softwares/jdk-11.0.8_windows-x64_bin/jdk-11.0.8!/java.datatransfer" type="simple" />
            <root url="jrt://I:/me/my_softwares/jdk-11.0.8_windows-x64_bin/jdk-11.0.8!/java.desktop" type="simple" />
            <root url="jrt://I:/me/my_softwares/jdk-11.0.8_windows-x64_bin/jdk-11.0.8!/java.instrument" type="simple" />
            <root url="jrt://I:/me/my_softwares/jdk-11.0.8_windows-x64_bin/jdk-11.0.8!/java.logging" type="simple" />
            <root url="jrt://I:/me/my_softwares/jdk-11.0.8_windows-x64_bin/jdk-11.0.8!/java.management" type="simple" />
            <root url="jrt://I:/me/my_softwares/jdk-11.0.8_windows-x64_bin/jdk-11.0.8!/java.management.rmi" type="simple" />
            <root url="jrt://I:/me/my_softwares/jdk-11.0.8_windows-x64_bin/jdk-11.0.8!/java.naming" type="simple" />
            <root url="jrt://I:/me/my_softwares/jdk-11.0.8_windows-x64_bin/jdk-11.0.8!/java.net.http" type="simple" />
            <root url="jrt://I:/me/my_softwares/jdk-11.0.8_windows-x64_bin/jdk-11.0.8!/java.prefs" type="simple" />
            <root url="jrt://I:/me/my_softwares/jdk-11.0.8_windows-x64_bin/jdk-11.0.8!/java.rmi" type="simple" />
            <root url="jrt://I:/me/my_softwares/jdk-11.0.8_windows-x64_bin/jdk-11.0.8!/java.scripting" type="simple" />
            <root url="jrt://I:/me/my_softwares/jdk-11.0.8_windows-x64_bin/jdk-11.0.8!/java.se" type="simple" />
            <root url="jrt://I:/me/my_softwares/jdk-11.0.8_windows-x64_bin/jdk-11.0.8!/java.security.jgss" type="simple" />
            <root url="jrt://I:/me/my_softwares/jdk-11.0.8_windows-x64_bin/jdk-11.0.8!/java.security.sasl" type="simple" />
            <root url="jrt://I:/me/my_softwares/jdk-11.0.8_windows-x64_bin/jdk-11.0.8!/java.smartcardio" type="simple" />
            <root url="jrt://I:/me/my_softwares/jdk-11.0.8_windows-x64_bin/jdk-11.0.8!/java.sql" type="simple" />
            <root url="jrt://I:/me/my_softwares/jdk-11.0.8_windows-x64_bin/jdk-11.0.8!/java.sql.rowset" type="simple" />
            <root url="jrt://I:/me/my_softwares/jdk-11.0.8_windows-x64_bin/jdk-11.0.8!/java.transaction.xa" type="simple" />
            <root url="jrt://I:/me/my_softwares/jdk-11.0.8_windows-x64_bin/jdk-11.0.8!/java.xml" type="simple" />
            <root url="jrt://I:/me/my_softwares/jdk-11.0.8_windows-x64_bin/jdk-11.0.8!/java.xml.crypto" type="simple" />
            <root url="jrt://I:/me/my_softwares/jdk-11.0.8_windows-x64_bin/jdk-11.0.8!/jdk.accessibility" type="simple" />
            <root url="jrt://I:/me/my_softwares/jdk-11.0.8_windows-x64_bin/jdk-11.0.8!/jdk.aot" type="simple" />
            <root url="jrt://I:/me/my_softwares/jdk-11.0.8_windows-x64_bin/jdk-11.0.8!/jdk.attach" type="simple" />
            <root url="jrt://I:/me/my_softwares/jdk-11.0.8_windows-x64_bin/jdk-11.0.8!/jdk.charsets" type="simple" />
            <root url="jrt://I:/me/my_softwares/jdk-11.0.8_windows-x64_bin/jdk-11.0.8!/jdk.compiler" type="simple" />
            <root url="jrt://I:/me/my_softwares/jdk-11.0.8_windows-x64_bin/jdk-11.0.8!/jdk.crypto.cryptoki" type="simple" />
            <root url="jrt://I:/me/my_softwares/jdk-11.0.8_windows-x64_bin/jdk-11.0.8!/jdk.crypto.ec" type="simple" />
            <root url="jrt://I:/me/my_softwares/jdk-11.0.8_windows-x64_bin/jdk-11.0.8!/jdk.crypto.mscapi" type="simple" />
            <root url="jrt://I:/me/my_softwares/jdk-11.0.8_windows-x64_bin/jdk-11.0.8!/jdk.dynalink" type="simple" />
            <root url="jrt://I:/me/my_softwares/jdk-11.0.8_windows-x64_bin/jdk-11.0.8!/jdk.editpad" type="simple" />
            <root url="jrt://I:/me/my_softwares/jdk-11.0.8_windows-x64_bin/jdk-11.0.8!/jdk.hotspot.agent" type="simple" />
            <root url="jrt://I:/me/my_softwares/jdk-11.0.8_windows-x64_bin/jdk-11.0.8!/jdk.httpserver" type="simple" />
            <root url="jrt://I:/me/my_softwares/jdk-11.0.8_windows-x64_bin/jdk-11.0.8!/jdk.internal.ed" type="simple" />
            <root url="jrt://I:/me/my_softwares/jdk-11.0.8_windows-x64_bin/jdk-11.0.8!/jdk.internal.jvmstat" type="simple" />
            <root url="jrt://I:/me/my_softwares/jdk-11.0.8_windows-x64_bin/jdk-11.0.8!/jdk.internal.le" type="simple" />
            <root url="jrt://I:/me/my_softwares/jdk-11.0.8_windows-x64_bin/jdk-11.0.8!/jdk.internal.opt" type="simple" />
            <root url="jrt://I:/me/my_softwares/jdk-11.0.8_windows-x64_bin/jdk-11.0.8!/jdk.internal.vm.ci" type="simple" />
            <root url="jrt://I:/me/my_softwares/jdk-11.0.8_windows-x64_bin/jdk-11.0.8!/jdk.internal.vm.compiler" type="simple" />
            <root url="jrt://I:/me/my_softwares/jdk-11.0.8_windows-x64_bin/jdk-11.0.8!/jdk.internal.vm.compiler.management" type="simple" />
            <root url="jrt://I:/me/my_softwares/jdk-11.0.8_windows-x64_bin/jdk-11.0.8!/jdk.jartool" type="simple" />
            <root url="jrt://I:/me/my_softwares/jdk-11.0.8_windows-x64_bin/jdk-11.0.8!/jdk.javadoc" type="simple" />
            <root url="jrt://I:/me/my_softwares/jdk-11.0.8_windows-x64_bin/jdk-11.0.8!/jdk.jcmd" type="simple" />
            <root url="jrt://I:/me/my_softwares/jdk-11.0.8_windows-x64_bin/jdk-11.0.8!/jdk.jconsole" type="simple" />
            <root url="jrt://I:/me/my_softwares/jdk-11.0.8_windows-x64_bin/jdk-11.0.8!/jdk.jdeps" type="simple" />
            <root url="jrt://I:/me/my_softwares/jdk-11.0.8_windows-x64_bin/jdk-11.0.8!/jdk.jdi" type="simple" />
            <root url="jrt://I:/me/my_softwares/jdk-11.0.8_windows-x64_bin/jdk-11.0.8!/jdk.jdwp.agent" type="simple" />
            <root url="jrt://I:/me/my_softwares/jdk-11.0.8_windows-x64_bin/jdk-11.0.8!/jdk.jfr" type="simple" />
            <root url="jrt://I:/me/my_softwares/jdk-11.0.8_windows-x64_bin/jdk-11.0.8!/jdk.jlink" type="simple" />
            <root url="jrt://I:/me/my_softwares/jdk-11.0.8_windows-x64_bin/jdk-11.0.8!/jdk.jshell" type="simple" />
            <root url="jrt://I:/me/my_softwares/jdk-11.0.8_windows-x64_bin/jdk-11.0.8!/jdk.jsobject" type="simple" />
            <root url="jrt://I:/me/my_softwares/jdk-11.0.8_windows-x64_bin/jdk-11.0.8!/jdk.jstatd" type="simple" />
            <root url="jrt://I:/me/my_softwares/jdk-11.0.8_windows-x64_bin/jdk-11.0.8!/jdk.localedata" type="simple" />
            <root url="jrt://I:/me/my_softwares/jdk-11.0.8_windows-x64_bin/jdk-11.0.8!/jdk.management" type="simple" />
            <root url="jrt://I:/me/my_softwares/jdk-11.0.8_windows-x64_bin/jdk-11.0.8!/jdk.management.agent" type="simple" />
            <root url="jrt://I:/me/my_softwares/jdk-11.0.8_windows-x64_bin/jdk-11.0.8!/jdk.management.jfr" type="simple" />
            <root url="jrt://I:/me/my_softwares/jdk-11.0.8_windows-x64_bin/jdk-11.0.8!/jdk.naming.dns" type="simple" />
            <root url="jrt://I:/me/my_softwares/jdk-11.0.8_windows-x64_bin/jdk-11.0.8!/jdk.naming.ldap" type="simple" />
            <root url="jrt://I:/me/my_softwares/jdk-11.0.8_windows-x64_bin/jdk-11.0.8!/jdk.naming.rmi" type="simple" />
            <root url="jrt://I:/me/my_softwares/jdk-11.0.8_windows-x64_bin/jdk-11.0.8!/jdk.net" type="simple" />
            <root url="jrt://I:/me/my_softwares/jdk-11.0.8_windows-x64_bin/jdk-11.0.8!/jdk.pack" type="simple" />
            <root url="jrt://I:/me/my_softwares/jdk-11.0.8_windows-x64_bin/jdk-11.0.8!/jdk.rmic" type="simple" />
            <root url="jrt://I:/me/my_softwares/jdk-11.0.8_windows-x64_bin/jdk-11.0.8!/jdk.scripting.nashorn" type="simple" />
            <root url="jrt://I:/me/my_softwares/jdk-11.0.8_windows-x64_bin/jdk-11.0.8!/jdk.scripting.nashorn.shell" type="simple" />
            <root url="jrt://I:/me/my_softwares/jdk-11.0.8_windows-x64_bin/jdk-11.0.8!/jdk.sctp" type="simple" />
            <root url="jrt://I:/me/my_softwares/jdk-11.0.8_windows-x64_bin/jdk-11.0.8!/jdk.security.auth" type="simple" />
            <root url="jrt://I:/me/my_softwares/jdk-11.0.8_windows-x64_bin/jdk-11.0.8!/jdk.security.jgss" type="simple" />
            <root url="jrt://I:/me/my_softwares/jdk-11.0.8_windows-x64_bin/jdk-11.0.8!/jdk.unsupported" type="simple" />
            <root url="jrt://I:/me/my_softwares/jdk-11.0.8_windows-x64_bin/jdk-11.0.8!/jdk.unsupported.desktop" type="simple" />
            <root url="jrt://I:/me/my_softwares/jdk-11.0.8_windows-x64_bin/jdk-11.0.8!/jdk.xml.dom" type="simple" />
            <root url="jrt://I:/me/my_softwares/jdk-11.0.8_windows-x64_bin/jdk-11.0.8!/jdk.zipfs" type="simple" />
          </root>
        </classPath>
        <javadocPath>
          <root type="composite" />
        </javadocPath>
        <sourcePath>
          <root type="composite">
            <root url="jar://I:/me/my_softwares/jdk-11.0.8_windows-x64_bin/jdk-11.0.8/lib/src.zip!/java.se" type="simple" />
            <root url="jar://I:/me/my_softwares/jdk-11.0.8_windows-x64_bin/jdk-11.0.8/lib/src.zip!/jdk.aot" type="simple" />
            <root url="jar://I:/me/my_softwares/jdk-11.0.8_windows-x64_bin/jdk-11.0.8/lib/src.zip!/jdk.jdi" type="simple" />
            <root url="jar://I:/me/my_softwares/jdk-11.0.8_windows-x64_bin/jdk-11.0.8/lib/src.zip!/jdk.jfr" type="simple" />
            <root url="jar://I:/me/my_softwares/jdk-11.0.8_windows-x64_bin/jdk-11.0.8/lib/src.zip!/jdk.net" type="simple" />
            <root url="jar://I:/me/my_softwares/jdk-11.0.8_windows-x64_bin/jdk-11.0.8/lib/src.zip!/java.rmi" type="simple" />
            <root url="jar://I:/me/my_softwares/jdk-11.0.8_windows-x64_bin/jdk-11.0.8/lib/src.zip!/java.sql" type="simple" />
            <root url="jar://I:/me/my_softwares/jdk-11.0.8_windows-x64_bin/jdk-11.0.8/lib/src.zip!/java.xml" type="simple" />
            <root url="jar://I:/me/my_softwares/jdk-11.0.8_windows-x64_bin/jdk-11.0.8/lib/src.zip!/jdk.jcmd" type="simple" />
            <root url="jar://I:/me/my_softwares/jdk-11.0.8_windows-x64_bin/jdk-11.0.8/lib/src.zip!/jdk.pack" type="simple" />
            <root url="jar://I:/me/my_softwares/jdk-11.0.8_windows-x64_bin/jdk-11.0.8/lib/src.zip!/jdk.rmic" type="simple" />
            <root url="jar://I:/me/my_softwares/jdk-11.0.8_windows-x64_bin/jdk-11.0.8/lib/src.zip!/jdk.sctp" type="simple" />
            <root url="jar://I:/me/my_softwares/jdk-11.0.8_windows-x64_bin/jdk-11.0.8/lib/src.zip!/java.base" type="simple" />
            <root url="jar://I:/me/my_softwares/jdk-11.0.8_windows-x64_bin/jdk-11.0.8/lib/src.zip!/jdk.jdeps" type="simple" />
            <root url="jar://I:/me/my_softwares/jdk-11.0.8_windows-x64_bin/jdk-11.0.8/lib/src.zip!/jdk.jlink" type="simple" />
            <root url="jar://I:/me/my_softwares/jdk-11.0.8_windows-x64_bin/jdk-11.0.8/lib/src.zip!/jdk.zipfs" type="simple" />
            <root url="jar://I:/me/my_softwares/jdk-11.0.8_windows-x64_bin/jdk-11.0.8/lib/src.zip!/java.prefs" type="simple" />
            <root url="jar://I:/me/my_softwares/jdk-11.0.8_windows-x64_bin/jdk-11.0.8/lib/src.zip!/jdk.attach" type="simple" />
            <root url="jar://I:/me/my_softwares/jdk-11.0.8_windows-x64_bin/jdk-11.0.8/lib/src.zip!/jdk.jshell" type="simple" />
            <root url="jar://I:/me/my_softwares/jdk-11.0.8_windows-x64_bin/jdk-11.0.8/lib/src.zip!/jdk.jstatd" type="simple" />
            <root url="jar://I:/me/my_softwares/jdk-11.0.8_windows-x64_bin/jdk-11.0.8/lib/src.zip!/java.naming" type="simple" />
            <root url="jar://I:/me/my_softwares/jdk-11.0.8_windows-x64_bin/jdk-11.0.8/lib/src.zip!/jdk.editpad" type="simple" />
            <root url="jar://I:/me/my_softwares/jdk-11.0.8_windows-x64_bin/jdk-11.0.8/lib/src.zip!/jdk.jartool" type="simple" />
            <root url="jar://I:/me/my_softwares/jdk-11.0.8_windows-x64_bin/jdk-11.0.8/lib/src.zip!/jdk.javadoc" type="simple" />
            <root url="jar://I:/me/my_softwares/jdk-11.0.8_windows-x64_bin/jdk-11.0.8/lib/src.zip!/jdk.xml.dom" type="simple" />
            <root url="jar://I:/me/my_softwares/jdk-11.0.8_windows-x64_bin/jdk-11.0.8/lib/src.zip!/java.desktop" type="simple" />
            <root url="jar://I:/me/my_softwares/jdk-11.0.8_windows-x64_bin/jdk-11.0.8/lib/src.zip!/java.logging" type="simple" />
            <root url="jar://I:/me/my_softwares/jdk-11.0.8_windows-x64_bin/jdk-11.0.8/lib/src.zip!/jdk.charsets" type="simple" />
            <root url="jar://I:/me/my_softwares/jdk-11.0.8_windows-x64_bin/jdk-11.0.8/lib/src.zip!/jdk.compiler" type="simple" />
            <root url="jar://I:/me/my_softwares/jdk-11.0.8_windows-x64_bin/jdk-11.0.8/lib/src.zip!/jdk.dynalink" type="simple" />
            <root url="jar://I:/me/my_softwares/jdk-11.0.8_windows-x64_bin/jdk-11.0.8/lib/src.zip!/jdk.jconsole" type="simple" />
            <root url="jar://I:/me/my_softwares/jdk-11.0.8_windows-x64_bin/jdk-11.0.8/lib/src.zip!/jdk.jsobject" type="simple" />
            <root url="jar://I:/me/my_softwares/jdk-11.0.8_windows-x64_bin/jdk-11.0.8/lib/src.zip!/java.compiler" type="simple" />
            <root url="jar://I:/me/my_softwares/jdk-11.0.8_windows-x64_bin/jdk-11.0.8/lib/src.zip!/java.net.http" type="simple" />
            <root url="jar://I:/me/my_softwares/jdk-11.0.8_windows-x64_bin/jdk-11.0.8/lib/src.zip!/jdk.crypto.ec" type="simple" />
            <root url="jar://I:/me/my_softwares/jdk-11.0.8_windows-x64_bin/jdk-11.0.8/lib/src.zip!/java.scripting" type="simple" />
            <root url="jar://I:/me/my_softwares/jdk-11.0.8_windows-x64_bin/jdk-11.0.8/lib/src.zip!/jdk.httpserver" type="simple" />
            <root url="jar://I:/me/my_softwares/jdk-11.0.8_windows-x64_bin/jdk-11.0.8/lib/src.zip!/jdk.jdwp.agent" type="simple" />
            <root url="jar://I:/me/my_softwares/jdk-11.0.8_windows-x64_bin/jdk-11.0.8/lib/src.zip!/jdk.localedata" type="simple" />
            <root url="jar://I:/me/my_softwares/jdk-11.0.8_windows-x64_bin/jdk-11.0.8/lib/src.zip!/jdk.management" type="simple" />
            <root url="jar://I:/me/my_softwares/jdk-11.0.8_windows-x64_bin/jdk-11.0.8/lib/src.zip!/jdk.naming.dns" type="simple" />
            <root url="jar://I:/me/my_softwares/jdk-11.0.8_windows-x64_bin/jdk-11.0.8/lib/src.zip!/jdk.naming.rmi" type="simple" />
            <root url="jar://I:/me/my_softwares/jdk-11.0.8_windows-x64_bin/jdk-11.0.8/lib/src.zip!/java.instrument" type="simple" />
            <root url="jar://I:/me/my_softwares/jdk-11.0.8_windows-x64_bin/jdk-11.0.8/lib/src.zip!/java.management" type="simple" />
            <root url="jar://I:/me/my_softwares/jdk-11.0.8_windows-x64_bin/jdk-11.0.8/lib/src.zip!/java.sql.rowset" type="simple" />
            <root url="jar://I:/me/my_softwares/jdk-11.0.8_windows-x64_bin/jdk-11.0.8/lib/src.zip!/java.xml.crypto" type="simple" />
            <root url="jar://I:/me/my_softwares/jdk-11.0.8_windows-x64_bin/jdk-11.0.8/lib/src.zip!/jdk.internal.ed" type="simple" />
            <root url="jar://I:/me/my_softwares/jdk-11.0.8_windows-x64_bin/jdk-11.0.8/lib/src.zip!/jdk.internal.le" type="simple" />
            <root url="jar://I:/me/my_softwares/jdk-11.0.8_windows-x64_bin/jdk-11.0.8/lib/src.zip!/jdk.naming.ldap" type="simple" />
            <root url="jar://I:/me/my_softwares/jdk-11.0.8_windows-x64_bin/jdk-11.0.8/lib/src.zip!/jdk.unsupported" type="simple" />
            <root url="jar://I:/me/my_softwares/jdk-11.0.8_windows-x64_bin/jdk-11.0.8/lib/src.zip!/java.smartcardio" type="simple" />
            <root url="jar://I:/me/my_softwares/jdk-11.0.8_windows-x64_bin/jdk-11.0.8/lib/src.zip!/jdk.internal.opt" type="simple" />
            <root url="jar://I:/me/my_softwares/jdk-11.0.8_windows-x64_bin/jdk-11.0.8/lib/src.zip!/java.datatransfer" type="simple" />
            <root url="jar://I:/me/my_softwares/jdk-11.0.8_windows-x64_bin/jdk-11.0.8/lib/src.zip!/jdk.accessibility" type="simple" />
            <root url="jar://I:/me/my_softwares/jdk-11.0.8_windows-x64_bin/jdk-11.0.8/lib/src.zip!/jdk.crypto.mscapi" type="simple" />
            <root url="jar://I:/me/my_softwares/jdk-11.0.8_windows-x64_bin/jdk-11.0.8/lib/src.zip!/jdk.hotspot.agent" type="simple" />
            <root url="jar://I:/me/my_softwares/jdk-11.0.8_windows-x64_bin/jdk-11.0.8/lib/src.zip!/jdk.security.auth" type="simple" />
            <root url="jar://I:/me/my_softwares/jdk-11.0.8_windows-x64_bin/jdk-11.0.8/lib/src.zip!/jdk.security.jgss" type="simple" />
            <root url="jar://I:/me/my_softwares/jdk-11.0.8_windows-x64_bin/jdk-11.0.8/lib/src.zip!/java.security.jgss" type="simple" />
            <root url="jar://I:/me/my_softwares/jdk-11.0.8_windows-x64_bin/jdk-11.0.8/lib/src.zip!/java.security.sasl" type="simple" />
            <root url="jar://I:/me/my_softwares/jdk-11.0.8_windows-x64_bin/jdk-11.0.8/lib/src.zip!/jdk.internal.vm.ci" type="simple" />
            <root url="jar://I:/me/my_softwares/jdk-11.0.8_windows-x64_bin/jdk-11.0.8/lib/src.zip!/jdk.management.jfr" type="simple" />
            <root url="jar://I:/me/my_softwares/jdk-11.0.8_windows-x64_bin/jdk-11.0.8/lib/src.zip!/java.management.rmi" type="simple" />
            <root url="jar://I:/me/my_softwares/jdk-11.0.8_windows-x64_bin/jdk-11.0.8/lib/src.zip!/java.transaction.xa" type="simple" />
            <root url="jar://I:/me/my_softwares/jdk-11.0.8_windows-x64_bin/jdk-11.0.8/lib/src.zip!/jdk.crypto.cryptoki" type="simple" />
            <root url="jar://I:/me/my_softwares/jdk-11.0.8_windows-x64_bin/jdk-11.0.8/lib/src.zip!/jdk.internal.jvmstat" type="simple" />
            <root url="jar://I:/me/my_softwares/jdk-11.0.8_windows-x64_bin/jdk-11.0.8/lib/src.zip!/jdk.management.agent" type="simple" />
            <root url="jar://I:/me/my_softwares/jdk-11.0.8_windows-x64_bin/jdk-11.0.8/lib/src.zip!/jdk.scripting.nashorn" type="simple" />
            <root url="jar://I:/me/my_softwares/jdk-11.0.8_windows-x64_bin/jdk-11.0.8/lib/src.zip!/jdk.unsupported.desktop" type="simple" />
            <root url="jar://I:/me/my_softwares/jdk-11.0.8_windows-x64_bin/jdk-11.0.8/lib/src.zip!/jdk.internal.vm.compiler" type="simple" />
            <root url="jar://I:/me/my_softwares/jdk-11.0.8_windows-x64_bin/jdk-11.0.8/lib/src.zip!/jdk.scripting.nashorn.shell" type="simple" />
            <root url="jar://I:/me/my_softwares/jdk-11.0.8_windows-x64_bin/jdk-11.0.8/lib/src.zip!/jdk.internal.vm.compiler.management" type="simple" />
          </root>
        </sourcePath>
      </roots>
      <additional />
    </jdk>
    <jdk version="2">
      <name value="11 (2)" />
      <type value="JavaSDK" />
      <version value="java version &quot;11.0.11&quot;" />
      <homePath value="C:/keys/jdk-11.0.11_windows-x64_bin/jdk-11.0.11" />
      <roots>
        <annotationsPath>
          <root type="composite">
            <root url="jar://$APPLICATION_HOME_DIR$/lib/jdkAnnotations.jar!/" type="simple" />
          </root>
        </annotationsPath>
        <classPath>
          <root type="composite">
            <root url="jrt://C:/keys/jdk-11.0.11_windows-x64_bin/jdk-11.0.11!/java.base" type="simple" />
            <root url="jrt://C:/keys/jdk-11.0.11_windows-x64_bin/jdk-11.0.11!/java.compiler" type="simple" />
            <root url="jrt://C:/keys/jdk-11.0.11_windows-x64_bin/jdk-11.0.11!/java.datatransfer" type="simple" />
            <root url="jrt://C:/keys/jdk-11.0.11_windows-x64_bin/jdk-11.0.11!/java.desktop" type="simple" />
            <root url="jrt://C:/keys/jdk-11.0.11_windows-x64_bin/jdk-11.0.11!/java.instrument" type="simple" />
            <root url="jrt://C:/keys/jdk-11.0.11_windows-x64_bin/jdk-11.0.11!/java.logging" type="simple" />
            <root url="jrt://C:/keys/jdk-11.0.11_windows-x64_bin/jdk-11.0.11!/java.management" type="simple" />
            <root url="jrt://C:/keys/jdk-11.0.11_windows-x64_bin/jdk-11.0.11!/java.management.rmi" type="simple" />
            <root url="jrt://C:/keys/jdk-11.0.11_windows-x64_bin/jdk-11.0.11!/java.naming" type="simple" />
            <root url="jrt://C:/keys/jdk-11.0.11_windows-x64_bin/jdk-11.0.11!/java.net.http" type="simple" />
            <root url="jrt://C:/keys/jdk-11.0.11_windows-x64_bin/jdk-11.0.11!/java.prefs" type="simple" />
            <root url="jrt://C:/keys/jdk-11.0.11_windows-x64_bin/jdk-11.0.11!/java.rmi" type="simple" />
            <root url="jrt://C:/keys/jdk-11.0.11_windows-x64_bin/jdk-11.0.11!/java.scripting" type="simple" />
            <root url="jrt://C:/keys/jdk-11.0.11_windows-x64_bin/jdk-11.0.11!/java.se" type="simple" />
            <root url="jrt://C:/keys/jdk-11.0.11_windows-x64_bin/jdk-11.0.11!/java.security.jgss" type="simple" />
            <root url="jrt://C:/keys/jdk-11.0.11_windows-x64_bin/jdk-11.0.11!/java.security.sasl" type="simple" />
            <root url="jrt://C:/keys/jdk-11.0.11_windows-x64_bin/jdk-11.0.11!/java.smartcardio" type="simple" />
            <root url="jrt://C:/keys/jdk-11.0.11_windows-x64_bin/jdk-11.0.11!/java.sql" type="simple" />
            <root url="jrt://C:/keys/jdk-11.0.11_windows-x64_bin/jdk-11.0.11!/java.sql.rowset" type="simple" />
            <root url="jrt://C:/keys/jdk-11.0.11_windows-x64_bin/jdk-11.0.11!/java.transaction.xa" type="simple" />
            <root url="jrt://C:/keys/jdk-11.0.11_windows-x64_bin/jdk-11.0.11!/java.xml" type="simple" />
            <root url="jrt://C:/keys/jdk-11.0.11_windows-x64_bin/jdk-11.0.11!/java.xml.crypto" type="simple" />
            <root url="jrt://C:/keys/jdk-11.0.11_windows-x64_bin/jdk-11.0.11!/jdk.accessibility" type="simple" />
            <root url="jrt://C:/keys/jdk-11.0.11_windows-x64_bin/jdk-11.0.11!/jdk.aot" type="simple" />
            <root url="jrt://C:/keys/jdk-11.0.11_windows-x64_bin/jdk-11.0.11!/jdk.attach" type="simple" />
            <root url="jrt://C:/keys/jdk-11.0.11_windows-x64_bin/jdk-11.0.11!/jdk.charsets" type="simple" />
            <root url="jrt://C:/keys/jdk-11.0.11_windows-x64_bin/jdk-11.0.11!/jdk.compiler" type="simple" />
            <root url="jrt://C:/keys/jdk-11.0.11_windows-x64_bin/jdk-11.0.11!/jdk.crypto.cryptoki" type="simple" />
            <root url="jrt://C:/keys/jdk-11.0.11_windows-x64_bin/jdk-11.0.11!/jdk.crypto.ec" type="simple" />
            <root url="jrt://C:/keys/jdk-11.0.11_windows-x64_bin/jdk-11.0.11!/jdk.crypto.mscapi" type="simple" />
            <root url="jrt://C:/keys/jdk-11.0.11_windows-x64_bin/jdk-11.0.11!/jdk.dynalink" type="simple" />
            <root url="jrt://C:/keys/jdk-11.0.11_windows-x64_bin/jdk-11.0.11!/jdk.editpad" type="simple" />
            <root url="jrt://C:/keys/jdk-11.0.11_windows-x64_bin/jdk-11.0.11!/jdk.hotspot.agent" type="simple" />
            <root url="jrt://C:/keys/jdk-11.0.11_windows-x64_bin/jdk-11.0.11!/jdk.httpserver" type="simple" />
            <root url="jrt://C:/keys/jdk-11.0.11_windows-x64_bin/jdk-11.0.11!/jdk.internal.ed" type="simple" />
            <root url="jrt://C:/keys/jdk-11.0.11_windows-x64_bin/jdk-11.0.11!/jdk.internal.jvmstat" type="simple" />
            <root url="jrt://C:/keys/jdk-11.0.11_windows-x64_bin/jdk-11.0.11!/jdk.internal.le" type="simple" />
            <root url="jrt://C:/keys/jdk-11.0.11_windows-x64_bin/jdk-11.0.11!/jdk.internal.opt" type="simple" />
            <root url="jrt://C:/keys/jdk-11.0.11_windows-x64_bin/jdk-11.0.11!/jdk.internal.vm.ci" type="simple" />
            <root url="jrt://C:/keys/jdk-11.0.11_windows-x64_bin/jdk-11.0.11!/jdk.internal.vm.compiler" type="simple" />
            <root url="jrt://C:/keys/jdk-11.0.11_windows-x64_bin/jdk-11.0.11!/jdk.internal.vm.compiler.management" type="simple" />
            <root url="jrt://C:/keys/jdk-11.0.11_windows-x64_bin/jdk-11.0.11!/jdk.jartool" type="simple" />
            <root url="jrt://C:/keys/jdk-11.0.11_windows-x64_bin/jdk-11.0.11!/jdk.javadoc" type="simple" />
            <root url="jrt://C:/keys/jdk-11.0.11_windows-x64_bin/jdk-11.0.11!/jdk.jcmd" type="simple" />
            <root url="jrt://C:/keys/jdk-11.0.11_windows-x64_bin/jdk-11.0.11!/jdk.jconsole" type="simple" />
            <root url="jrt://C:/keys/jdk-11.0.11_windows-x64_bin/jdk-11.0.11!/jdk.jdeps" type="simple" />
            <root url="jrt://C:/keys/jdk-11.0.11_windows-x64_bin/jdk-11.0.11!/jdk.jdi" type="simple" />
            <root url="jrt://C:/keys/jdk-11.0.11_windows-x64_bin/jdk-11.0.11!/jdk.jdwp.agent" type="simple" />
            <root url="jrt://C:/keys/jdk-11.0.11_windows-x64_bin/jdk-11.0.11!/jdk.jfr" type="simple" />
            <root url="jrt://C:/keys/jdk-11.0.11_windows-x64_bin/jdk-11.0.11!/jdk.jlink" type="simple" />
            <root url="jrt://C:/keys/jdk-11.0.11_windows-x64_bin/jdk-11.0.11!/jdk.jshell" type="simple" />
            <root url="jrt://C:/keys/jdk-11.0.11_windows-x64_bin/jdk-11.0.11!/jdk.jsobject" type="simple" />
            <root url="jrt://C:/keys/jdk-11.0.11_windows-x64_bin/jdk-11.0.11!/jdk.jstatd" type="simple" />
            <root url="jrt://C:/keys/jdk-11.0.11_windows-x64_bin/jdk-11.0.11!/jdk.localedata" type="simple" />
            <root url="jrt://C:/keys/jdk-11.0.11_windows-x64_bin/jdk-11.0.11!/jdk.management" type="simple" />
            <root url="jrt://C:/keys/jdk-11.0.11_windows-x64_bin/jdk-11.0.11!/jdk.management.agent" type="simple" />
            <root url="jrt://C:/keys/jdk-11.0.11_windows-x64_bin/jdk-11.0.11!/jdk.management.jfr" type="simple" />
            <root url="jrt://C:/keys/jdk-11.0.11_windows-x64_bin/jdk-11.0.11!/jdk.naming.dns" type="simple" />
            <root url="jrt://C:/keys/jdk-11.0.11_windows-x64_bin/jdk-11.0.11!/jdk.naming.ldap" type="simple" />
            <root url="jrt://C:/keys/jdk-11.0.11_windows-x64_bin/jdk-11.0.11!/jdk.naming.rmi" type="simple" />
            <root url="jrt://C:/keys/jdk-11.0.11_windows-x64_bin/jdk-11.0.11!/jdk.net" type="simple" />
            <root url="jrt://C:/keys/jdk-11.0.11_windows-x64_bin/jdk-11.0.11!/jdk.pack" type="simple" />
            <root url="jrt://C:/keys/jdk-11.0.11_windows-x64_bin/jdk-11.0.11!/jdk.rmic" type="simple" />
            <root url="jrt://C:/keys/jdk-11.0.11_windows-x64_bin/jdk-11.0.11!/jdk.scripting.nashorn" type="simple" />
            <root url="jrt://C:/keys/jdk-11.0.11_windows-x64_bin/jdk-11.0.11!/jdk.scripting.nashorn.shell" type="simple" />
            <root url="jrt://C:/keys/jdk-11.0.11_windows-x64_bin/jdk-11.0.11!/jdk.sctp" type="simple" />
            <root url="jrt://C:/keys/jdk-11.0.11_windows-x64_bin/jdk-11.0.11!/jdk.security.auth" type="simple" />
            <root url="jrt://C:/keys/jdk-11.0.11_windows-x64_bin/jdk-11.0.11!/jdk.security.jgss" type="simple" />
            <root url="jrt://C:/keys/jdk-11.0.11_windows-x64_bin/jdk-11.0.11!/jdk.unsupported" type="simple" />
            <root url="jrt://C:/keys/jdk-11.0.11_windows-x64_bin/jdk-11.0.11!/jdk.unsupported.desktop" type="simple" />
            <root url="jrt://C:/keys/jdk-11.0.11_windows-x64_bin/jdk-11.0.11!/jdk.xml.dom" type="simple" />
            <root url="jrt://C:/keys/jdk-11.0.11_windows-x64_bin/jdk-11.0.11!/jdk.zipfs" type="simple" />
          </root>
        </classPath>
        <javadocPath>
          <root type="composite" />
        </javadocPath>
        <sourcePath>
          <root type="composite">
            <root url="jar://C:/keys/jdk-11.0.11_windows-x64_bin/jdk-11.0.11/lib/src.zip!/java.se" type="simple" />
            <root url="jar://C:/keys/jdk-11.0.11_windows-x64_bin/jdk-11.0.11/lib/src.zip!/jdk.aot" type="simple" />
            <root url="jar://C:/keys/jdk-11.0.11_windows-x64_bin/jdk-11.0.11/lib/src.zip!/jdk.jdi" type="simple" />
            <root url="jar://C:/keys/jdk-11.0.11_windows-x64_bin/jdk-11.0.11/lib/src.zip!/jdk.jfr" type="simple" />
            <root url="jar://C:/keys/jdk-11.0.11_windows-x64_bin/jdk-11.0.11/lib/src.zip!/jdk.net" type="simple" />
            <root url="jar://C:/keys/jdk-11.0.11_windows-x64_bin/jdk-11.0.11/lib/src.zip!/java.rmi" type="simple" />
            <root url="jar://C:/keys/jdk-11.0.11_windows-x64_bin/jdk-11.0.11/lib/src.zip!/java.sql" type="simple" />
            <root url="jar://C:/keys/jdk-11.0.11_windows-x64_bin/jdk-11.0.11/lib/src.zip!/java.xml" type="simple" />
            <root url="jar://C:/keys/jdk-11.0.11_windows-x64_bin/jdk-11.0.11/lib/src.zip!/jdk.jcmd" type="simple" />
            <root url="jar://C:/keys/jdk-11.0.11_windows-x64_bin/jdk-11.0.11/lib/src.zip!/jdk.pack" type="simple" />
            <root url="jar://C:/keys/jdk-11.0.11_windows-x64_bin/jdk-11.0.11/lib/src.zip!/jdk.rmic" type="simple" />
            <root url="jar://C:/keys/jdk-11.0.11_windows-x64_bin/jdk-11.0.11/lib/src.zip!/jdk.sctp" type="simple" />
            <root url="jar://C:/keys/jdk-11.0.11_windows-x64_bin/jdk-11.0.11/lib/src.zip!/java.base" type="simple" />
            <root url="jar://C:/keys/jdk-11.0.11_windows-x64_bin/jdk-11.0.11/lib/src.zip!/jdk.jdeps" type="simple" />
            <root url="jar://C:/keys/jdk-11.0.11_windows-x64_bin/jdk-11.0.11/lib/src.zip!/jdk.jlink" type="simple" />
            <root url="jar://C:/keys/jdk-11.0.11_windows-x64_bin/jdk-11.0.11/lib/src.zip!/jdk.zipfs" type="simple" />
            <root url="jar://C:/keys/jdk-11.0.11_windows-x64_bin/jdk-11.0.11/lib/src.zip!/java.prefs" type="simple" />
            <root url="jar://C:/keys/jdk-11.0.11_windows-x64_bin/jdk-11.0.11/lib/src.zip!/jdk.attach" type="simple" />
            <root url="jar://C:/keys/jdk-11.0.11_windows-x64_bin/jdk-11.0.11/lib/src.zip!/jdk.jshell" type="simple" />
            <root url="jar://C:/keys/jdk-11.0.11_windows-x64_bin/jdk-11.0.11/lib/src.zip!/jdk.jstatd" type="simple" />
            <root url="jar://C:/keys/jdk-11.0.11_windows-x64_bin/jdk-11.0.11/lib/src.zip!/java.naming" type="simple" />
            <root url="jar://C:/keys/jdk-11.0.11_windows-x64_bin/jdk-11.0.11/lib/src.zip!/jdk.editpad" type="simple" />
            <root url="jar://C:/keys/jdk-11.0.11_windows-x64_bin/jdk-11.0.11/lib/src.zip!/jdk.jartool" type="simple" />
            <root url="jar://C:/keys/jdk-11.0.11_windows-x64_bin/jdk-11.0.11/lib/src.zip!/jdk.javadoc" type="simple" />
            <root url="jar://C:/keys/jdk-11.0.11_windows-x64_bin/jdk-11.0.11/lib/src.zip!/jdk.xml.dom" type="simple" />
            <root url="jar://C:/keys/jdk-11.0.11_windows-x64_bin/jdk-11.0.11/lib/src.zip!/java.desktop" type="simple" />
            <root url="jar://C:/keys/jdk-11.0.11_windows-x64_bin/jdk-11.0.11/lib/src.zip!/java.logging" type="simple" />
            <root url="jar://C:/keys/jdk-11.0.11_windows-x64_bin/jdk-11.0.11/lib/src.zip!/jdk.charsets" type="simple" />
            <root url="jar://C:/keys/jdk-11.0.11_windows-x64_bin/jdk-11.0.11/lib/src.zip!/jdk.compiler" type="simple" />
            <root url="jar://C:/keys/jdk-11.0.11_windows-x64_bin/jdk-11.0.11/lib/src.zip!/jdk.dynalink" type="simple" />
            <root url="jar://C:/keys/jdk-11.0.11_windows-x64_bin/jdk-11.0.11/lib/src.zip!/jdk.jconsole" type="simple" />
            <root url="jar://C:/keys/jdk-11.0.11_windows-x64_bin/jdk-11.0.11/lib/src.zip!/jdk.jsobject" type="simple" />
            <root url="jar://C:/keys/jdk-11.0.11_windows-x64_bin/jdk-11.0.11/lib/src.zip!/java.compiler" type="simple" />
            <root url="jar://C:/keys/jdk-11.0.11_windows-x64_bin/jdk-11.0.11/lib/src.zip!/java.net.http" type="simple" />
            <root url="jar://C:/keys/jdk-11.0.11_windows-x64_bin/jdk-11.0.11/lib/src.zip!/jdk.crypto.ec" type="simple" />
            <root url="jar://C:/keys/jdk-11.0.11_windows-x64_bin/jdk-11.0.11/lib/src.zip!/java.scripting" type="simple" />
            <root url="jar://C:/keys/jdk-11.0.11_windows-x64_bin/jdk-11.0.11/lib/src.zip!/jdk.httpserver" type="simple" />
            <root url="jar://C:/keys/jdk-11.0.11_windows-x64_bin/jdk-11.0.11/lib/src.zip!/jdk.jdwp.agent" type="simple" />
            <root url="jar://C:/keys/jdk-11.0.11_windows-x64_bin/jdk-11.0.11/lib/src.zip!/jdk.localedata" type="simple" />
            <root url="jar://C:/keys/jdk-11.0.11_windows-x64_bin/jdk-11.0.11/lib/src.zip!/jdk.management" type="simple" />
            <root url="jar://C:/keys/jdk-11.0.11_windows-x64_bin/jdk-11.0.11/lib/src.zip!/jdk.naming.dns" type="simple" />
            <root url="jar://C:/keys/jdk-11.0.11_windows-x64_bin/jdk-11.0.11/lib/src.zip!/jdk.naming.rmi" type="simple" />
            <root url="jar://C:/keys/jdk-11.0.11_windows-x64_bin/jdk-11.0.11/lib/src.zip!/java.instrument" type="simple" />
            <root url="jar://C:/keys/jdk-11.0.11_windows-x64_bin/jdk-11.0.11/lib/src.zip!/java.management" type="simple" />
            <root url="jar://C:/keys/jdk-11.0.11_windows-x64_bin/jdk-11.0.11/lib/src.zip!/java.sql.rowset" type="simple" />
            <root url="jar://C:/keys/jdk-11.0.11_windows-x64_bin/jdk-11.0.11/lib/src.zip!/java.xml.crypto" type="simple" />
            <root url="jar://C:/keys/jdk-11.0.11_windows-x64_bin/jdk-11.0.11/lib/src.zip!/jdk.internal.ed" type="simple" />
            <root url="jar://C:/keys/jdk-11.0.11_windows-x64_bin/jdk-11.0.11/lib/src.zip!/jdk.internal.le" type="simple" />
            <root url="jar://C:/keys/jdk-11.0.11_windows-x64_bin/jdk-11.0.11/lib/src.zip!/jdk.naming.ldap" type="simple" />
            <root url="jar://C:/keys/jdk-11.0.11_windows-x64_bin/jdk-11.0.11/lib/src.zip!/jdk.unsupported" type="simple" />
            <root url="jar://C:/keys/jdk-11.0.11_windows-x64_bin/jdk-11.0.11/lib/src.zip!/java.smartcardio" type="simple" />
            <root url="jar://C:/keys/jdk-11.0.11_windows-x64_bin/jdk-11.0.11/lib/src.zip!/jdk.internal.opt" type="simple" />
            <root url="jar://C:/keys/jdk-11.0.11_windows-x64_bin/jdk-11.0.11/lib/src.zip!/java.datatransfer" type="simple" />
            <root url="jar://C:/keys/jdk-11.0.11_windows-x64_bin/jdk-11.0.11/lib/src.zip!/jdk.accessibility" type="simple" />
            <root url="jar://C:/keys/jdk-11.0.11_windows-x64_bin/jdk-11.0.11/lib/src.zip!/jdk.crypto.mscapi" type="simple" />
            <root url="jar://C:/keys/jdk-11.0.11_windows-x64_bin/jdk-11.0.11/lib/src.zip!/jdk.hotspot.agent" type="simple" />
            <root url="jar://C:/keys/jdk-11.0.11_windows-x64_bin/jdk-11.0.11/lib/src.zip!/jdk.security.auth" type="simple" />
            <root url="jar://C:/keys/jdk-11.0.11_windows-x64_bin/jdk-11.0.11/lib/src.zip!/jdk.security.jgss" type="simple" />
            <root url="jar://C:/keys/jdk-11.0.11_windows-x64_bin/jdk-11.0.11/lib/src.zip!/java.security.jgss" type="simple" />
            <root url="jar://C:/keys/jdk-11.0.11_windows-x64_bin/jdk-11.0.11/lib/src.zip!/java.security.sasl" type="simple" />
            <root url="jar://C:/keys/jdk-11.0.11_windows-x64_bin/jdk-11.0.11/lib/src.zip!/jdk.internal.vm.ci" type="simple" />
            <root url="jar://C:/keys/jdk-11.0.11_windows-x64_bin/jdk-11.0.11/lib/src.zip!/jdk.management.jfr" type="simple" />
            <root url="jar://C:/keys/jdk-11.0.11_windows-x64_bin/jdk-11.0.11/lib/src.zip!/java.management.rmi" type="simple" />
            <root url="jar://C:/keys/jdk-11.0.11_windows-x64_bin/jdk-11.0.11/lib/src.zip!/java.transaction.xa" type="simple" />
            <root url="jar://C:/keys/jdk-11.0.11_windows-x64_bin/jdk-11.0.11/lib/src.zip!/jdk.crypto.cryptoki" type="simple" />
            <root url="jar://C:/keys/jdk-11.0.11_windows-x64_bin/jdk-11.0.11/lib/src.zip!/jdk.internal.jvmstat" type="simple" />
            <root url="jar://C:/keys/jdk-11.0.11_windows-x64_bin/jdk-11.0.11/lib/src.zip!/jdk.management.agent" type="simple" />
            <root url="jar://C:/keys/jdk-11.0.11_windows-x64_bin/jdk-11.0.11/lib/src.zip!/jdk.scripting.nashorn" type="simple" />
            <root url="jar://C:/keys/jdk-11.0.11_windows-x64_bin/jdk-11.0.11/lib/src.zip!/jdk.unsupported.desktop" type="simple" />
            <root url="jar://C:/keys/jdk-11.0.11_windows-x64_bin/jdk-11.0.11/lib/src.zip!/jdk.internal.vm.compiler" type="simple" />
            <root url="jar://C:/keys/jdk-11.0.11_windows-x64_bin/jdk-11.0.11/lib/src.zip!/jdk.scripting.nashorn.shell" type="simple" />
            <root url="jar://C:/keys/jdk-11.0.11_windows-x64_bin/jdk-11.0.11/lib/src.zip!/jdk.internal.vm.compiler.management" type="simple" />
          </root>
        </sourcePath>
      </roots>
      <additional />
    </jdk>
    <jdk version="2">
      <name value="17" />
      <type value="JavaSDK" />
      <version value="java version &quot;17.0.1&quot;" />
      <homePath value="C:/keys/jdk-17_windows-x64_bin/jdk-17.0.1" />
      <roots>
        <annotationsPath>
          <root type="composite">
            <root url="jar://$APPLICATION_HOME_DIR$/lib/jdkAnnotations.jar!/" type="simple" />
          </root>
        </annotationsPath>
        <classPath>
          <root type="composite">
            <root url="jrt://C:/keys/jdk-17_windows-x64_bin/jdk-17.0.1!/java.base" type="simple" />
            <root url="jrt://C:/keys/jdk-17_windows-x64_bin/jdk-17.0.1!/java.compiler" type="simple" />
            <root url="jrt://C:/keys/jdk-17_windows-x64_bin/jdk-17.0.1!/java.datatransfer" type="simple" />
            <root url="jrt://C:/keys/jdk-17_windows-x64_bin/jdk-17.0.1!/java.desktop" type="simple" />
            <root url="jrt://C:/keys/jdk-17_windows-x64_bin/jdk-17.0.1!/java.instrument" type="simple" />
            <root url="jrt://C:/keys/jdk-17_windows-x64_bin/jdk-17.0.1!/java.logging" type="simple" />
            <root url="jrt://C:/keys/jdk-17_windows-x64_bin/jdk-17.0.1!/java.management" type="simple" />
            <root url="jrt://C:/keys/jdk-17_windows-x64_bin/jdk-17.0.1!/java.management.rmi" type="simple" />
            <root url="jrt://C:/keys/jdk-17_windows-x64_bin/jdk-17.0.1!/java.naming" type="simple" />
            <root url="jrt://C:/keys/jdk-17_windows-x64_bin/jdk-17.0.1!/java.net.http" type="simple" />
            <root url="jrt://C:/keys/jdk-17_windows-x64_bin/jdk-17.0.1!/java.prefs" type="simple" />
            <root url="jrt://C:/keys/jdk-17_windows-x64_bin/jdk-17.0.1!/java.rmi" type="simple" />
            <root url="jrt://C:/keys/jdk-17_windows-x64_bin/jdk-17.0.1!/java.scripting" type="simple" />
            <root url="jrt://C:/keys/jdk-17_windows-x64_bin/jdk-17.0.1!/java.se" type="simple" />
            <root url="jrt://C:/keys/jdk-17_windows-x64_bin/jdk-17.0.1!/java.security.jgss" type="simple" />
            <root url="jrt://C:/keys/jdk-17_windows-x64_bin/jdk-17.0.1!/java.security.sasl" type="simple" />
            <root url="jrt://C:/keys/jdk-17_windows-x64_bin/jdk-17.0.1!/java.smartcardio" type="simple" />
            <root url="jrt://C:/keys/jdk-17_windows-x64_bin/jdk-17.0.1!/java.sql" type="simple" />
            <root url="jrt://C:/keys/jdk-17_windows-x64_bin/jdk-17.0.1!/java.sql.rowset" type="simple" />
            <root url="jrt://C:/keys/jdk-17_windows-x64_bin/jdk-17.0.1!/java.transaction.xa" type="simple" />
            <root url="jrt://C:/keys/jdk-17_windows-x64_bin/jdk-17.0.1!/java.xml" type="simple" />
            <root url="jrt://C:/keys/jdk-17_windows-x64_bin/jdk-17.0.1!/java.xml.crypto" type="simple" />
            <root url="jrt://C:/keys/jdk-17_windows-x64_bin/jdk-17.0.1!/jdk.accessibility" type="simple" />
            <root url="jrt://C:/keys/jdk-17_windows-x64_bin/jdk-17.0.1!/jdk.attach" type="simple" />
            <root url="jrt://C:/keys/jdk-17_windows-x64_bin/jdk-17.0.1!/jdk.charsets" type="simple" />
            <root url="jrt://C:/keys/jdk-17_windows-x64_bin/jdk-17.0.1!/jdk.compiler" type="simple" />
            <root url="jrt://C:/keys/jdk-17_windows-x64_bin/jdk-17.0.1!/jdk.crypto.cryptoki" type="simple" />
            <root url="jrt://C:/keys/jdk-17_windows-x64_bin/jdk-17.0.1!/jdk.crypto.ec" type="simple" />
            <root url="jrt://C:/keys/jdk-17_windows-x64_bin/jdk-17.0.1!/jdk.crypto.mscapi" type="simple" />
            <root url="jrt://C:/keys/jdk-17_windows-x64_bin/jdk-17.0.1!/jdk.dynalink" type="simple" />
            <root url="jrt://C:/keys/jdk-17_windows-x64_bin/jdk-17.0.1!/jdk.editpad" type="simple" />
            <root url="jrt://C:/keys/jdk-17_windows-x64_bin/jdk-17.0.1!/jdk.hotspot.agent" type="simple" />
            <root url="jrt://C:/keys/jdk-17_windows-x64_bin/jdk-17.0.1!/jdk.httpserver" type="simple" />
            <root url="jrt://C:/keys/jdk-17_windows-x64_bin/jdk-17.0.1!/jdk.incubator.foreign" type="simple" />
            <root url="jrt://C:/keys/jdk-17_windows-x64_bin/jdk-17.0.1!/jdk.incubator.vector" type="simple" />
            <root url="jrt://C:/keys/jdk-17_windows-x64_bin/jdk-17.0.1!/jdk.internal.ed" type="simple" />
            <root url="jrt://C:/keys/jdk-17_windows-x64_bin/jdk-17.0.1!/jdk.internal.jvmstat" type="simple" />
            <root url="jrt://C:/keys/jdk-17_windows-x64_bin/jdk-17.0.1!/jdk.internal.le" type="simple" />
            <root url="jrt://C:/keys/jdk-17_windows-x64_bin/jdk-17.0.1!/jdk.internal.opt" type="simple" />
            <root url="jrt://C:/keys/jdk-17_windows-x64_bin/jdk-17.0.1!/jdk.internal.vm.ci" type="simple" />
            <root url="jrt://C:/keys/jdk-17_windows-x64_bin/jdk-17.0.1!/jdk.internal.vm.compiler" type="simple" />
            <root url="jrt://C:/keys/jdk-17_windows-x64_bin/jdk-17.0.1!/jdk.internal.vm.compiler.management" type="simple" />
            <root url="jrt://C:/keys/jdk-17_windows-x64_bin/jdk-17.0.1!/jdk.jartool" type="simple" />
            <root url="jrt://C:/keys/jdk-17_windows-x64_bin/jdk-17.0.1!/jdk.javadoc" type="simple" />
            <root url="jrt://C:/keys/jdk-17_windows-x64_bin/jdk-17.0.1!/jdk.jcmd" type="simple" />
            <root url="jrt://C:/keys/jdk-17_windows-x64_bin/jdk-17.0.1!/jdk.jconsole" type="simple" />
            <root url="jrt://C:/keys/jdk-17_windows-x64_bin/jdk-17.0.1!/jdk.jdeps" type="simple" />
            <root url="jrt://C:/keys/jdk-17_windows-x64_bin/jdk-17.0.1!/jdk.jdi" type="simple" />
            <root url="jrt://C:/keys/jdk-17_windows-x64_bin/jdk-17.0.1!/jdk.jdwp.agent" type="simple" />
            <root url="jrt://C:/keys/jdk-17_windows-x64_bin/jdk-17.0.1!/jdk.jfr" type="simple" />
            <root url="jrt://C:/keys/jdk-17_windows-x64_bin/jdk-17.0.1!/jdk.jlink" type="simple" />
            <root url="jrt://C:/keys/jdk-17_windows-x64_bin/jdk-17.0.1!/jdk.jpackage" type="simple" />
            <root url="jrt://C:/keys/jdk-17_windows-x64_bin/jdk-17.0.1!/jdk.jshell" type="simple" />
            <root url="jrt://C:/keys/jdk-17_windows-x64_bin/jdk-17.0.1!/jdk.jsobject" type="simple" />
            <root url="jrt://C:/keys/jdk-17_windows-x64_bin/jdk-17.0.1!/jdk.jstatd" type="simple" />
            <root url="jrt://C:/keys/jdk-17_windows-x64_bin/jdk-17.0.1!/jdk.localedata" type="simple" />
            <root url="jrt://C:/keys/jdk-17_windows-x64_bin/jdk-17.0.1!/jdk.management" type="simple" />
            <root url="jrt://C:/keys/jdk-17_windows-x64_bin/jdk-17.0.1!/jdk.management.agent" type="simple" />
            <root url="jrt://C:/keys/jdk-17_windows-x64_bin/jdk-17.0.1!/jdk.management.jfr" type="simple" />
            <root url="jrt://C:/keys/jdk-17_windows-x64_bin/jdk-17.0.1!/jdk.naming.dns" type="simple" />
            <root url="jrt://C:/keys/jdk-17_windows-x64_bin/jdk-17.0.1!/jdk.naming.rmi" type="simple" />
            <root url="jrt://C:/keys/jdk-17_windows-x64_bin/jdk-17.0.1!/jdk.net" type="simple" />
            <root url="jrt://C:/keys/jdk-17_windows-x64_bin/jdk-17.0.1!/jdk.nio.mapmode" type="simple" />
            <root url="jrt://C:/keys/jdk-17_windows-x64_bin/jdk-17.0.1!/jdk.random" type="simple" />
            <root url="jrt://C:/keys/jdk-17_windows-x64_bin/jdk-17.0.1!/jdk.sctp" type="simple" />
            <root url="jrt://C:/keys/jdk-17_windows-x64_bin/jdk-17.0.1!/jdk.security.auth" type="simple" />
            <root url="jrt://C:/keys/jdk-17_windows-x64_bin/jdk-17.0.1!/jdk.security.jgss" type="simple" />
            <root url="jrt://C:/keys/jdk-17_windows-x64_bin/jdk-17.0.1!/jdk.unsupported" type="simple" />
            <root url="jrt://C:/keys/jdk-17_windows-x64_bin/jdk-17.0.1!/jdk.unsupported.desktop" type="simple" />
            <root url="jrt://C:/keys/jdk-17_windows-x64_bin/jdk-17.0.1!/jdk.xml.dom" type="simple" />
            <root url="jrt://C:/keys/jdk-17_windows-x64_bin/jdk-17.0.1!/jdk.zipfs" type="simple" />
          </root>
        </classPath>
        <javadocPath>
          <root type="composite" />
        </javadocPath>
        <sourcePath>
          <root type="composite">
            <root url="jar://C:/keys/jdk-17_windows-x64_bin/jdk-17.0.1/lib/src.zip!/java.se" type="simple" />
            <root url="jar://C:/keys/jdk-17_windows-x64_bin/jdk-17.0.1/lib/src.zip!/jdk.jdi" type="simple" />
            <root url="jar://C:/keys/jdk-17_windows-x64_bin/jdk-17.0.1/lib/src.zip!/jdk.jfr" type="simple" />
            <root url="jar://C:/keys/jdk-17_windows-x64_bin/jdk-17.0.1/lib/src.zip!/jdk.net" type="simple" />
            <root url="jar://C:/keys/jdk-17_windows-x64_bin/jdk-17.0.1/lib/src.zip!/java.rmi" type="simple" />
            <root url="jar://C:/keys/jdk-17_windows-x64_bin/jdk-17.0.1/lib/src.zip!/java.sql" type="simple" />
            <root url="jar://C:/keys/jdk-17_windows-x64_bin/jdk-17.0.1/lib/src.zip!/java.xml" type="simple" />
            <root url="jar://C:/keys/jdk-17_windows-x64_bin/jdk-17.0.1/lib/src.zip!/jdk.jcmd" type="simple" />
            <root url="jar://C:/keys/jdk-17_windows-x64_bin/jdk-17.0.1/lib/src.zip!/jdk.sctp" type="simple" />
            <root url="jar://C:/keys/jdk-17_windows-x64_bin/jdk-17.0.1/lib/src.zip!/java.base" type="simple" />
            <root url="jar://C:/keys/jdk-17_windows-x64_bin/jdk-17.0.1/lib/src.zip!/jdk.jdeps" type="simple" />
            <root url="jar://C:/keys/jdk-17_windows-x64_bin/jdk-17.0.1/lib/src.zip!/jdk.jlink" type="simple" />
            <root url="jar://C:/keys/jdk-17_windows-x64_bin/jdk-17.0.1/lib/src.zip!/jdk.zipfs" type="simple" />
            <root url="jar://C:/keys/jdk-17_windows-x64_bin/jdk-17.0.1/lib/src.zip!/java.prefs" type="simple" />
            <root url="jar://C:/keys/jdk-17_windows-x64_bin/jdk-17.0.1/lib/src.zip!/jdk.attach" type="simple" />
            <root url="jar://C:/keys/jdk-17_windows-x64_bin/jdk-17.0.1/lib/src.zip!/jdk.jshell" type="simple" />
            <root url="jar://C:/keys/jdk-17_windows-x64_bin/jdk-17.0.1/lib/src.zip!/jdk.jstatd" type="simple" />
            <root url="jar://C:/keys/jdk-17_windows-x64_bin/jdk-17.0.1/lib/src.zip!/jdk.random" type="simple" />
            <root url="jar://C:/keys/jdk-17_windows-x64_bin/jdk-17.0.1/lib/src.zip!/java.naming" type="simple" />
            <root url="jar://C:/keys/jdk-17_windows-x64_bin/jdk-17.0.1/lib/src.zip!/jdk.editpad" type="simple" />
            <root url="jar://C:/keys/jdk-17_windows-x64_bin/jdk-17.0.1/lib/src.zip!/jdk.jartool" type="simple" />
            <root url="jar://C:/keys/jdk-17_windows-x64_bin/jdk-17.0.1/lib/src.zip!/jdk.javadoc" type="simple" />
            <root url="jar://C:/keys/jdk-17_windows-x64_bin/jdk-17.0.1/lib/src.zip!/jdk.xml.dom" type="simple" />
            <root url="jar://C:/keys/jdk-17_windows-x64_bin/jdk-17.0.1/lib/src.zip!/java.desktop" type="simple" />
            <root url="jar://C:/keys/jdk-17_windows-x64_bin/jdk-17.0.1/lib/src.zip!/java.logging" type="simple" />
            <root url="jar://C:/keys/jdk-17_windows-x64_bin/jdk-17.0.1/lib/src.zip!/jdk.charsets" type="simple" />
            <root url="jar://C:/keys/jdk-17_windows-x64_bin/jdk-17.0.1/lib/src.zip!/jdk.compiler" type="simple" />
            <root url="jar://C:/keys/jdk-17_windows-x64_bin/jdk-17.0.1/lib/src.zip!/jdk.dynalink" type="simple" />
            <root url="jar://C:/keys/jdk-17_windows-x64_bin/jdk-17.0.1/lib/src.zip!/jdk.jconsole" type="simple" />
            <root url="jar://C:/keys/jdk-17_windows-x64_bin/jdk-17.0.1/lib/src.zip!/jdk.jpackage" type="simple" />
            <root url="jar://C:/keys/jdk-17_windows-x64_bin/jdk-17.0.1/lib/src.zip!/jdk.jsobject" type="simple" />
            <root url="jar://C:/keys/jdk-17_windows-x64_bin/jdk-17.0.1/lib/src.zip!/java.compiler" type="simple" />
            <root url="jar://C:/keys/jdk-17_windows-x64_bin/jdk-17.0.1/lib/src.zip!/java.net.http" type="simple" />
            <root url="jar://C:/keys/jdk-17_windows-x64_bin/jdk-17.0.1/lib/src.zip!/jdk.crypto.ec" type="simple" />
            <root url="jar://C:/keys/jdk-17_windows-x64_bin/jdk-17.0.1/lib/src.zip!/java.scripting" type="simple" />
            <root url="jar://C:/keys/jdk-17_windows-x64_bin/jdk-17.0.1/lib/src.zip!/jdk.httpserver" type="simple" />
            <root url="jar://C:/keys/jdk-17_windows-x64_bin/jdk-17.0.1/lib/src.zip!/jdk.jdwp.agent" type="simple" />
            <root url="jar://C:/keys/jdk-17_windows-x64_bin/jdk-17.0.1/lib/src.zip!/jdk.localedata" type="simple" />
            <root url="jar://C:/keys/jdk-17_windows-x64_bin/jdk-17.0.1/lib/src.zip!/jdk.management" type="simple" />
            <root url="jar://C:/keys/jdk-17_windows-x64_bin/jdk-17.0.1/lib/src.zip!/jdk.naming.dns" type="simple" />
            <root url="jar://C:/keys/jdk-17_windows-x64_bin/jdk-17.0.1/lib/src.zip!/jdk.naming.rmi" type="simple" />
            <root url="jar://C:/keys/jdk-17_windows-x64_bin/jdk-17.0.1/lib/src.zip!/java.instrument" type="simple" />
            <root url="jar://C:/keys/jdk-17_windows-x64_bin/jdk-17.0.1/lib/src.zip!/java.management" type="simple" />
            <root url="jar://C:/keys/jdk-17_windows-x64_bin/jdk-17.0.1/lib/src.zip!/java.sql.rowset" type="simple" />
            <root url="jar://C:/keys/jdk-17_windows-x64_bin/jdk-17.0.1/lib/src.zip!/java.xml.crypto" type="simple" />
            <root url="jar://C:/keys/jdk-17_windows-x64_bin/jdk-17.0.1/lib/src.zip!/jdk.internal.ed" type="simple" />
            <root url="jar://C:/keys/jdk-17_windows-x64_bin/jdk-17.0.1/lib/src.zip!/jdk.internal.le" type="simple" />
            <root url="jar://C:/keys/jdk-17_windows-x64_bin/jdk-17.0.1/lib/src.zip!/jdk.nio.mapmode" type="simple" />
            <root url="jar://C:/keys/jdk-17_windows-x64_bin/jdk-17.0.1/lib/src.zip!/jdk.unsupported" type="simple" />
            <root url="jar://C:/keys/jdk-17_windows-x64_bin/jdk-17.0.1/lib/src.zip!/java.smartcardio" type="simple" />
            <root url="jar://C:/keys/jdk-17_windows-x64_bin/jdk-17.0.1/lib/src.zip!/jdk.internal.opt" type="simple" />
            <root url="jar://C:/keys/jdk-17_windows-x64_bin/jdk-17.0.1/lib/src.zip!/java.datatransfer" type="simple" />
            <root url="jar://C:/keys/jdk-17_windows-x64_bin/jdk-17.0.1/lib/src.zip!/jdk.accessibility" type="simple" />
            <root url="jar://C:/keys/jdk-17_windows-x64_bin/jdk-17.0.1/lib/src.zip!/jdk.crypto.mscapi" type="simple" />
            <root url="jar://C:/keys/jdk-17_windows-x64_bin/jdk-17.0.1/lib/src.zip!/jdk.hotspot.agent" type="simple" />
            <root url="jar://C:/keys/jdk-17_windows-x64_bin/jdk-17.0.1/lib/src.zip!/jdk.security.auth" type="simple" />
            <root url="jar://C:/keys/jdk-17_windows-x64_bin/jdk-17.0.1/lib/src.zip!/jdk.security.jgss" type="simple" />
            <root url="jar://C:/keys/jdk-17_windows-x64_bin/jdk-17.0.1/lib/src.zip!/java.security.jgss" type="simple" />
            <root url="jar://C:/keys/jdk-17_windows-x64_bin/jdk-17.0.1/lib/src.zip!/java.security.sasl" type="simple" />
            <root url="jar://C:/keys/jdk-17_windows-x64_bin/jdk-17.0.1/lib/src.zip!/jdk.internal.vm.ci" type="simple" />
            <root url="jar://C:/keys/jdk-17_windows-x64_bin/jdk-17.0.1/lib/src.zip!/jdk.management.jfr" type="simple" />
            <root url="jar://C:/keys/jdk-17_windows-x64_bin/jdk-17.0.1/lib/src.zip!/java.management.rmi" type="simple" />
            <root url="jar://C:/keys/jdk-17_windows-x64_bin/jdk-17.0.1/lib/src.zip!/java.transaction.xa" type="simple" />
            <root url="jar://C:/keys/jdk-17_windows-x64_bin/jdk-17.0.1/lib/src.zip!/jdk.crypto.cryptoki" type="simple" />
            <root url="jar://C:/keys/jdk-17_windows-x64_bin/jdk-17.0.1/lib/src.zip!/jdk.incubator.vector" type="simple" />
            <root url="jar://C:/keys/jdk-17_windows-x64_bin/jdk-17.0.1/lib/src.zip!/jdk.internal.jvmstat" type="simple" />
            <root url="jar://C:/keys/jdk-17_windows-x64_bin/jdk-17.0.1/lib/src.zip!/jdk.management.agent" type="simple" />
            <root url="jar://C:/keys/jdk-17_windows-x64_bin/jdk-17.0.1/lib/src.zip!/jdk.incubator.foreign" type="simple" />
            <root url="jar://C:/keys/jdk-17_windows-x64_bin/jdk-17.0.1/lib/src.zip!/jdk.unsupported.desktop" type="simple" />
            <root url="jar://C:/keys/jdk-17_windows-x64_bin/jdk-17.0.1/lib/src.zip!/jdk.internal.vm.compiler" type="simple" />
            <root url="jar://C:/keys/jdk-17_windows-x64_bin/jdk-17.0.1/lib/src.zip!/jdk.internal.vm.compiler.management" type="simple" />
          </root>
        </sourcePath>
      </roots>
      <additional />
    </jdk>
  </component>
</application>