<application>
  <component name="AppStorage">
    <histories>
      <item value="目标" />
      <item value="aggregate" />
      <item value="并集" />
      <item value="差集" />
      <item value="交集" />
      <item value="刷新" />
      <item value="Absent" />
      <item value="核心" />
      <item value="pivot" />
      <item value="explode" />
      <item value="coalesce" />
      <item value="abc" />
    </histories>
    <option name="languageScores">
      <map>
        <entry key="CHINESE" value="7" />
        <entry key="ENGLISH" value="8" />
      </map>
    </option>
  </component>
</application>