<application>
  <component name="GitRememberedInputs">
    <option name="visitedUrls">
      <list>
        <UrlAndUserName>
          <option name="url" value="http://47.99.245.68:28080" />
          <option name="userName" value="root" />
        </UrlAndUserName>
        <UrlAndUserName>
          <option name="url" value="http://gitee.com" />
          <option name="userName" value="scareers" />
        </UrlAndUserName>
        <UrlAndUserName>
          <option name="url" value="https://gitee.com/scareers/quantRoadJava.git" />
          <option name="userName" value="" />
        </UrlAndUserName>
        <UrlAndUserName>
          <option name="url" value="https://gitee.com/scareers/quantRoadJ.git" />
          <option name="userName" value="" />
        </UrlAndUserName>
      </list>
    </option>
    <option name="cloneParentDir" value="C:\project\java" />
  </component>
</application>