<application>
  <component name="AppStorage">
    <histories>
      <item value="初始" />
      <item value="长度" />
      <item value="距离" />
      <item value="influence" />
      <item value="影响" />
      <item value="秒数" />
      <item value="SECOND" />
      <item value="模拟炒股" />
      <item value="入选理由" />
      <item value="Handicap" />
      <item value="容器" />
      <item value="wrapped" />
      <item value="wraped" />
      <item value="包裹" />
      <item value="退市" />
      <item value="行情" />
      <item value="截面" />
      <item value="振幅" />
      <item value="今年" />
      <item value="currency" />
      <item value="流通" />
      <item value="流通市值" />
      <item value="横向" />
      <item value="平" />
      <item value="平衡" />
      <item value="成分" />
      <item value="修复" />
      <item value="顺序" />
      <item value="An expectation for checking WebElement with given locator has specific text" />
      <item value="* An expectation for checking that an element is present on the DOM of a page. This does not * necessarily mean that the element is visible." />
      <item value="人气" />
      <item value="榜上有名" />
      <item value="上榜" />
      <item value="榜单" />
      <item value="留心" />
      <item value="外盘" />
      <item value="量比" />
      <item value="换手率" />
      <item value="涨幅" />
      <item value="和差" />
      <item value="差距" />
      <item value="之比" />
      <item value="委托" />
      <item value="委比" />
      <item value="盘口" />
      <item value="An interface that defines the contract for a Timeline. * &lt;P&gt; * A Timeline will present a series of values to be used for an axis. Each * Timeline must provide transformation methods between domain values and * timeline values. In theory many transformations are possible. * &lt;P&gt; * A timeline can be used as parameter to a * {@link org.jfree.chart.axis.DateAxis} to define the values that this axis * supports. * &lt;P&gt; * Because Timelines were created mainly for Date related axis, values are * represented as longs instead of doubles. In this case, the domain value is * just the number of milliseconds since January 1, 1970, 00:00:00 GMT as * defined by the getTime() method of {@link java.util.Date}." />
      <item value="purple" />
      <item value="紫色" />
      <item value="consign" />
      <item value="clinch" />
    </histories>
    <option name="languageScores">
      <map>
        <entry key="CHINESE" value="147" />
        <entry key="ENGLISH" value="148" />
        <entry key="FRENCH" value="2" />
        <entry key="JAPANESE" value="1" />
        <entry key="ITALIAN" value="1" />
      </map>
    </option>
  </component>
</application>