<application>
  <component name="AppStorage">
    <histories>
      <item value="盈利" />
      <item value="折价" />
      <item value="折算" />
      <item value="剩余" />
      <item value="差距" />
      <item value="权重" />
      <item value="等价" />
      <item value="上限" />
      <item value="仓位" />
      <item value="配对" />
      <item value="假设" />
      <item value="occurrence" />
      <item value="发生" />
      <item value="assets" />
      <item value="资产" />
      <item value="文字" />
      <item value="fd" />
      <item value="平行计算" />
      <item value="对应的" />
      <item value="concrete" />
      <item value="具体" />
      <item value="弃用" />
      <item value="启用" />
      <item value="修正" />
      <item value="fragment" />
      <item value="片段" />
      <item value="前后" />
      <item value="后" />
      <item value="前" />
      <item value="declaration" />
      <item value="声明" />
      <item value="出现" />
      <item value="连续" />
      <item value="参考值" />
      <item value="条目" />
      <item value="项目" />
      <item value="dominate" />
      <item value="支配" />
      <item value="目标" />
      <item value="aggregate" />
      <item value="并集" />
      <item value="差集" />
      <item value="交集" />
      <item value="刷新" />
      <item value="Absent" />
      <item value="核心" />
      <item value="pivot" />
      <item value="explode" />
      <item value="coalesce" />
      <item value="abc" />
    </histories>
    <option name="languageScores">
      <map>
        <entry key="CHINESE" value="14" />
        <entry key="ENGLISH" value="15" />
      </map>
    </option>
  </component>
</application>