<application>
  <component name="AppStorage">
    <histories>
      <item value="quiescing Transmit" />
      <item value="永远" />
      <item value="dispose" />
      <item value="etched" />
      <item value="etchedf" />
      <item value="etche" />
      <item value="bevel" />
      <item value="pack" />
      <item value="* Causes this Window to be sized to fit the preferred size * and layouts of its subcomponents. The resulting width and * height of the window are automatically enlarged if either * of dimensions is less than the minimum size as specified * by the previous call to the {@code setMinimumSize} method. * &lt;p&gt; * If the window and/or its owner are not displayable yet, * both of them are made displayable before calculating * the preferred size. The Window is validated after its * size is being calculated." />
      <item value="polygon" />
      <item value="radial" />
      <item value="locale" />
      <item value="transient" />
      <item value="peer" />
      <item value="括号" />
      <item value="consign" />
      <item value="收市" />
      <item value="收市场" />
      <item value="收盘" />
      <item value="手动" />
      <item value="deviation" />
      <item value="误差" />
      <item value="约等于" />
      <item value="偏爱" />
      <item value="最合适" />
      <item value="汇总" />
      <item value="scale" />
      <item value="比例" />
      <item value="科学创造" />
      <item value="pioneer" />
      <item value="创业" />
      <item value="创业板" />
      <item value="deal With" />
      <item value="重发" />
      <item value="Sneaky Throws" />
      <item value="初始化" />
      <item value="立即" />
      <item value="资金" />
      <item value="九" />
      <item value="交互" />
      <item value="手工" />
      <item value="等待执行" />
      <item value="优先级" />
      <item value="description" />
      <item value="status" />
      <item value="状态" />
      <item value="成交状况" />
      <item value="成交" />
      <item value="新生" />
      <item value="处理" />
    </histories>
    <option name="languageScores">
      <map>
        <entry key="CHINESE" value="42" />
        <entry key="ENGLISH" value="42" />
        <entry key="FRENCH" value="1" />
        <entry key="ITALIAN" value="1" />
      </map>
    </option>
  </component>
</application>