<application>
  <component name="AppStorage">
    <histories>
      <item value="prohibit" />
      <item value="禁止" />
      <item value="分母" />
      <item value="anchor X" />
      <item value="polygon" />
      <item value="恢复" />
      <item value="部分" />
      <item value="备注" />
      <item value="处理" />
      <item value="佣金" />
      <item value="手续费" />
      <item value="判定" />
      <item value="一手" />
      <item value="clinch" />
      <item value="成交" />
      <item value="盈利" />
      <item value="总资产" />
      <item value="提交" />
      <item value="买单价格过低" />
      <item value="成交价" />
      <item value="仓位" />
      <item value="成本价" />
      <item value="commission" />
      <item value="comssmision" />
      <item value="交易费" />
      <item value="手续" />
      <item value="现金" />
      <item value="目标" />
      <item value="真实时间" />
      <item value="revise" />
      <item value="Review" />
      <item value="revies" />
      <item value="Rivise" />
      <item value="复盘" />
      <item value="减少" />
      <item value="修正" />
      <item value="对比价格" />
      <item value="振幅" />
      <item value="换手率" />
      <item value="数量" />
      <item value="历史" />
      <item value="consistent" />
      <item value="概览" />
      <item value="参照" />
      <item value="适配" />
      <item value="播报" />
      <item value="edate" />
      <item value="实际操盘" />
      <item value="实际" />
      <item value="实盘" />
    </histories>
    <option name="languageScores">
      <map>
        <entry key="CHINESE" value="286" />
        <entry key="ENGLISH" value="286" />
        <entry key="BULGARIAN" value="1" />
        <entry key="RUSSIAN" value="1" />
        <entry key="FRENCH" value="4" />
        <entry key="LATVIAN" value="1" />
        <entry key="JAPANESE" value="1" />
        <entry key="ITALIAN" value="1" />
      </map>
    </option>
  </component>
</application>