<application>
  <component name="AppStorage">
    <histories>
      <item value="握手" />
      <item value="对方" />
      <item value="准备好" />
      <item value="directory" />
      <item value="目录" />
      <item value="原来的" />
      <item value="批量" />
      <item value="类型" />
      <item value="expiration" />
      <item value="reply To" />
      <item value="correlation Id" />
      <item value="双通道" />
      <item value="不完整" />
      <item value="参数" />
      <item value="控件" />
      <item value="仿真" />
      <item value="可变" />
      <item value="增强" />
      <item value="等价" />
      <item value="当时" />
      <item value="实际" />
      <item value="大盘指数" />
      <item value="相对于" />
      <item value="那" />
      <item value="新增" />
      <item value="弱势股" />
      <item value="估计" />
      <item value="conservative" />
      <item value="保守的" />
      <item value="仓" />
      <item value="满仓" />
      <item value="可以" />
      <item value="适应" />
      <item value="折合" />
      <item value="折算" />
      <item value="连续" />
      <item value="资产数量" />
      <item value="storm" />
      <item value="回测" />
      <item value="盈利" />
      <item value="折价" />
      <item value="剩余" />
      <item value="差距" />
      <item value="权重" />
      <item value="上限" />
      <item value="仓位" />
      <item value="配对" />
      <item value="假设" />
      <item value="occurrence" />
      <item value="发生" />
    </histories>
    <option name="languageScores">
      <map>
        <entry key="CHINESE" value="21" />
        <entry key="ENGLISH" value="22" />
      </map>
    </option>
  </component>
</application>